{
  "0": [
    49.99999999999978,
    49.99999999999984,
    6.222403376612603,
    6.222403376612601,
    2499.9999999999886,
    2499.999999999992,
    311.1201688306301,
    311.12016883063006
  ],
  "1": [
    1.56656103100686e-24,
    199.99999999999935,
    40.629780431272756,
    65.51939393772315,
    120049.99999999993,
    130050.00000000016,
    7114.227623584629,
    8358.708298907151
  ],
  "2": [
    49.99999999999978,
    0.24875621890547264,
    0.14947000229523824,
    0.09354269496860036,
    0.020824482928088812,
    0.019223227810628053,
    0.04372596145756034,
    0.03721662978016855
  ]
}