{
  "0": [
    311.120168830628,
    311.1201688306279,
    153.7293592249164,
    153.7293592249164,
    15556.0084415314,
    15556.008441531392,
    7686.467961245819,
    7686.46796124582
  ],
  "1": [
    8358.708298907004,
    7114.227623584494,
    7997.001266880079,
    7382.083829980414,
    163798.48484430846,
    101574.45107818313,
    30745.87184498328,
    1.4955805460159506e-23
  ],
  "2": [
    0.03721662978016896,
    0.04372596145756086,
    0.019220972102306794,
    0.020821835802631573,
    0.09496982518789603,
    0.15314732325980865,
    0.24999186909155308,
    7686.46796124582
  ]
}