{
  "0": [
    6.222403376612559,
    6.222403376612557,
    3.0745871844983275,
    3.0745871844983275,
    311.120168830628,
    311.1201688306279,
    153.7293592249164,
    153.7293592249164
  ],
  "1": [
    65.51939393772338,
    40.629780431273254,
    12.29834873799331,
    5.985070270937171e-27,
    125625.31492484565,
    124380.83424952341,
    7997.001266880222,
    7382.083829980556
  ],
  "2": [
    0.0935426949685994,
    0.14947000229523535,
    0.23120067348769766,
    3.0745871844983275,
    0.00247655253612073,
    0.002501331249115423,
    0.01922097210230645,
    0.02082183580263117
  ]
}