{
  "0": [
    311.12016883062853,
    311.1201688306284,
    153.72935922491772,
    153.72935922491772,
    15556.008441531427,
    15556.008441531418,
    7686.467961245885,
    7686.467961245885
  ],
  "1": [
    7114.227623584622,
    8358.708298907135,
    7382.083829980541,
    7997.001266880214,
    101574.4510781829,
    163798.48484430887,
    1.0525918413224062e-22,
    30745.87184498354
  ],
  "2": [
    0.04372596145756016,
    0.037216629780168424,
    0.02082183580263139,
    0.019220972102306635,
    0.15314732325980934,
    0.0949698251878959,
    7686.467961245885,
    0.2499918690915531
  ]
}