{
  "0": [
    2499.9999999999905,
    2499.999999999993,
    311.1201688306285,
    311.12016883062836,
    124999.99999999953,
    124999.99999999967,
    15556.008441531423,
    15556.008441531418
  ],
  "1": [
    120049.99999999919,
    130049.99999999916,
    124380.83424952242,
    125625.31492484492,
    5.974560597878019e-21,
    499999.99999999866,
    101574.45107818222,
    163798.48484430788
  ],
  "2": [
    0.020824482928088958,
    0.01922322781062821,
    0.0025013312491154478,
    0.002476552536120747,
    124999.99999999953,
    0.249999500001,
    0.15314732325981034,
    0.09496982518789647
  ]
}