{
  "0": [
    2499.9999999999886,
    2499.9999999999923,
    311.1201688306301,
    311.12016883063006,
    124999.99999999945,
    124999.99999999958,
    15556.008441531505,
    15556.008441531501
  ],
  "1": [
    120049.99999999903,
    130049.999999999,
    124380.83424952225,
    125625.31492484477,
    3.916383747308735e-21,
    499999.9999999983,
    101574.45107818188,
    163798.4848443079
  ],
  "2": [
    0.02082448292808897,
    0.019223227810628227,
    0.0025013312491154642,
    0.0024765525361207636,
    124999.99999999945,
    0.249999500001,
    0.15314732325981165,
    0.09496982518789697
  ]
}