{
  "0": [
    2499.999999999986,
    2499.9999999999895,
    311.1201688306293,
    311.12016883062927,
    124999.99999999932,
    124999.99999999945,
    15556.008441531463,
    15556.008441531458
  ],
  "1": [
    120049.99999999876,
    130049.99999999872,
    124380.83424952198,
    125625.31492484448,
    3.9437112143519114e-21,
    499999.9999999978,
    101574.4510781817,
    163798.48484430756
  ],
  "2": [
    0.020824482928088993,
    0.019223227810628248,
    0.0025013312491154634,
    0.002476552536120763,
    124999.99999999932,
    0.249999500001,
    0.15314732325981154,
    0.0949698251878969
  ]
}