{
  "8": {
    "0": [
      [
        17.333333333333332,
        96.66666666666667,
        1.3333333333333333
      ],
      8079.594451216553
    ],
    "1": [
      [
        17.333333333333332,
        96.66666666666667,
        1.3333333333333333
      ],
      143986.45618959024
    ],
    "2": [
      [
        17.333333333333332,
        96.66666666666667,
        1.3333333333333333
      ],
      1402.40930213529
    ]
  }
}