{
  "6": {
    "0": [
      [
        17.333333333333332,
        110.0,
        2.0
      ],
      5392.749593064218
    ],
    "1": [
      [
        17.333333333333332,
        110.0,
        2.0
      ],
      136709.24182467093
    ],
    "2": [
      [
        17.333333333333332,
        110.0,
        2.0
      ],
      923.7426385426089
    ]
  }
}