{
  "1": {
    "0": [
      [
        1.0,
        96.66666666666667,
        0.6666666666666666
      ],
      874.0786132332648
    ],
    "1": [
      [
        1.0,
        96.66666666666667,
        0.6666666666666666
      ],
      128182.33782047052
    ],
    "2": [
      [
        1.0,
        96.66666666666667,
        0.6666666666666666
      ],
      9.322608982172927
    ]
  }
}