{
  "0": {
    "0": [
      [
        50.0,
        90.0,
        0.0
      ],
      124999.99999999972
    ],
    "1": [
      [
        50.0,
        90.0,
        0.0
      ],
      499999.9999999989
    ],
    "2": [
      [
        50.0,
        90.0,
        0.0
      ],
      124999.99999999959
    ]
  }
}