{
  "3": {
    "0": [
      [
        33.666666666666664,
        110.0,
        0.6666666666666666
      ],
      29356.06246815821
    ],
    "1": [
      [
        33.666666666666664,
        110.0,
        0.6666666666666666
      ],
      194267.63995363802
    ],
    "2": [
      [
        33.666666666666664,
        110.0,
        0.6666666666666666
      ],
      10555.515017321743
    ]
  }
}