{
  "2": {
    "0": [
      [
        1.0,
        90.0,
        2.0
      ],
      311.1201688306301
    ],
    "1": [
      [
        1.0,
        90.0,
        2.0
      ],
      125625.31492484591
    ],
    "2": [
      [
        1.0,
        90.0,
        2.0
      ],
      3.074587184498379
    ]
  }
}