{
  "9": {
    "0": [
      [
        1.0,
        96.66666666666667,
        2.0
      ],
      311.6674494579147
    ],
    "1": [
      [
        1.0,
        96.66666666666667,
        2.0
      ],
      127051.28859573083
    ],
    "2": [
      [
        1.0,
        96.66666666666667,
        2.0
      ],
      3.095711793139643
    ]
  }
}