{
  "3": {
    "0": [
      [
        50.0,
        110.0,
        2.0
      ],
      15556.0084415314
    ],
    "1": [
      [
        50.0,
        110.0,
        2.0
      ],
      163798.48484430846
    ],
    "2": [
      [
        50.0,
        110.0,
        2.0
      ],
      7686.46796124582
    ]
  }
}