{
  "2": {
    "0": [
      [
        50.0,
        103.33333333333333,
        0.6666666666666666
      ],
      43703.930661663144
    ],
    "1": [
      [
        50.0,
        103.33333333333333,
        0.6666666666666666
      ],
      237139.24176377823
    ],
    "2": [
      [
        50.0,
        103.33333333333333,
        0.6666666666666666
      ],
      23306.52245543235
    ]
  }
}