{
  "5": {
    "0": [
      [
        50.0,
        96.66666666666667,
        2.0
      ],
      15583.372472895735
    ],
    "1": [
      [
        50.0,
        96.66666666666667,
        2.0
      ],
      165330.8824136624
    ],
    "2": [
      [
        50.0,
        96.66666666666667,
        2.0
      ],
      7739.279482849108
    ]
  }
}