{
  "3": {
    "0": [
      [
        50.0,
        110.0,
        0.0
      ],
      125000.00000000048
    ],
    "1": [
      [
        50.0,
        110.0,
        0.0
      ],
      500000.00000000134
    ],
    "2": [
      [
        50.0,
        110.0,
        0.0
      ],
      125000.00000000048
    ]
  }
}