{
  "2": {
    "0": [
      [
        1.0,
        110.0,
        0.0
      ],
      2500.00000000001
    ],
    "1": [
      [
        1.0,
        110.0,
        0.0
      ],
      130049.99999999991
    ],
    "2": [
      [
        1.0,
        110.0,
        0.0
      ],
      50.0000000000002
    ]
  }
}