{
  "0": {
    "0": [
      [
        50.0,
        90.0,
        2.0
      ],
      15556.008441531361
    ],
    "1": [
      [
        50.0,
        90.0,
        2.0
      ],
      163798.48484430872
    ],
    "2": [
      [
        50.0,
        90.0,
        2.0
      ],
      7686.467961245859
    ]
  }
}