{
  "0": {
    "0": [
      [
        50.0,
        90.0,
        0.0
      ],
      124999.99999999932
    ],
    "1": [
      [
        50.0,
        90.0,
        0.0
      ],
      499999.9999999973
    ],
    "2": [
      [
        50.0,
        90.0,
        0.0
      ],
      124999.99999999919
    ]
  }
}