{
  "0": [
    2374.9999999999895,
    129095.08497187393,
    0.020824017325582537
  ],
  "1": [
    2374.9999999999927,
    125765.90536512424,
    0.019222831057620012
  ],
  "2": [
    311.06882026006645,
    125526.60298285173,
    0.016962602579544656
  ],
  "3": [
    311.0688202600663,
    124519.79696734459,
    0.015884811594997134
  ],
  "4": [
    118749.99999999952,
    452254.2485937459,
    18.99696048632243
  ],
  "5": [
    118749.99999999965,
    481249.99999999866,
    2.117989629000328
  ],
  "6": [
    15553.44101300332,
    158862.88774465612,
    2.8102543384209153
  ],
  "7": [
    15553.441013003314,
    157543.34998725122,
    1.2499433882421438
  ]
}