{
  "0": [
    2375.0000000000086,
    129095.08497187393,
    0.020824017325582474
  ],
  "1": [
    2375.0000000000123,
    125765.90536512522,
    0.01922283105761995
  ],
  "2": [
    311.06882026006923,
    125526.60298285187,
    0.0033334324386806724
  ],
  "3": [
    311.0688202600691,
    124519.79696734474,
    0.003289570198642779
  ],
  "4": [
    118750.00000000047,
    452254.2485937385,
    18.99696048632248
  ],
  "5": [
    118750.00000000061,
    481250.00000000244,
    2.1179896289999016
  ],
  "6": [
    15553.441013003461,
    158862.88774465508,
    0.22051684749649453
  ],
  "7": [
    15553.441013003456,
    157543.34998725215,
    0.17340200835635408
  ]
}