{
  "0": [
    311.0688202600673,
    8358.604541675293,
    0.31444772838842605
  ],
  "1": [
    311.06882026006724,
    8259.99635691397,
    0.48500111102558835
  ],
  "2": [
    123.97273975482827,
    7895.637202221008,
    1.114636241517966
  ],
  "3": [
    123.97273975482895,
    7937.488027939905,
    2.9729503315723216
  ],
  "4": [
    15553.441013003368,
    163793.34892716177,
    0.12288124204592243
  ],
  "5": [
    15553.441013003361,
    158862.887744657,
    0.1531143085277555
  ],
  "6": [
    6198.636987741413,
    25677.720556468637,
    2.0824121442377077
  ],
  "7": [
    6198.636987741447,
    27770.20989797453,
    6.159947951745062
  ]
}