{
  "0": [
    311.0688202600678,
    8259.996356914118,
    0.10559041811449103
  ],
  "1": [
    311.0688202600677,
    8358.604541675424,
    0.07831573868454607
  ],
  "2": [
    123.9727397548346,
    7937.488027940047,
    0.04872003679804426
  ],
  "3": [
    123.97273975483533,
    7895.637202221141,
    0.0407739947077792
  ],
  "4": [
    15553.441013003396,
    158862.8877446577,
    0.15311430852775623
  ],
  "5": [
    15553.441013003388,
    163793.34892716227,
    0.12288124204592984
  ],
  "6": [
    6198.63698774173,
    27770.209897975223,
    6.159947951744943
  ],
  "7": [
    6198.6369877417665,
    25677.720556468863,
    2.0824121442382295
  ]
}