{
  "0": [
    6.2213764052013465,
    65.5173395708647,
    0.12006425197018374
  ],
  "1": [
    6.221376405201344,
    63.54515509786279,
    0.14943796164887568
  ],
  "2": [
    2.479454795096565,
    10.271088222587457,
    1.1320342723362493
  ],
  "3": [
    2.4794547950965797,
    11.108083959189814,
    1.5447441350273816
  ],
  "4": [
    311.0688202600673,
    125625.21222728048,
    0.002476145819769585
  ],
  "5": [
    311.06882026006724,
    125526.60298285288,
    0.002500916354072499
  ],
  "6": [
    123.97273975482827,
    7895.638261887706,
    0.016657188157144967
  ],
  "7": [
    123.97273975482894,
    7937.488027940048,
    0.01561666898261967
  ]
}