{
  "0": [
    2374.999999999987,
    129095.08497187367,
    0.02082401732558256
  ],
  "1": [
    2374.99999999999,
    125765.90536512397,
    0.019222831057620033
  ],
  "2": [
    311.0688202600652,
    125526.60298285146,
    0.016962602579544656
  ],
  "3": [
    311.0688202600651,
    124519.79696734433,
    0.015884811594997134
  ],
  "4": [
    118749.99999999937,
    452254.24859374575,
    18.996960486322408
  ],
  "5": [
    118749.99999999953,
    481249.9999999981,
    2.117989629000343
  ],
  "6": [
    15553.441013003257,
    158862.88774465566,
    2.8102543384209153
  ],
  "7": [
    15553.441013003252,
    157543.3499872508,
    1.2499433882421438
  ]
}