{
  "0": [
    47.499999999999794,
    180.90169943749845,
    13.571428571428676
  ],
  "1": [
    47.49999999999986,
    192.49999999999946,
    2.0126502533369313
  ],
  "2": [
    6.221376405201328,
    63.545155097862455,
    1.5444771698681228
  ],
  "3": [
    6.221376405201326,
    63.01733999490048,
    0.8721043340948319
  ],
  "4": [
    2374.9999999999895,
    129095.08497187482,
    0.019742557055989818
  ],
  "5": [
    2374.9999999999927,
    129797.50000000016,
    0.018297592036887866
  ],
  "6": [
    311.06882026006645,
    8259.996356914116,
    0.04373714052211174
  ],
  "7": [
    311.06882026006633,
    8356.105601766023,
    0.03722472790159414
  ]
}