{
  "0": [
    2374.9999999999895,
    129095.08497187393,
    13.571428571428676
  ],
  "1": [
    2374.9999999999927,
    125765.90536512424,
    2.0126502533369313
  ],
  "2": [
    311.06882026006645,
    125526.60298285173,
    1.5444771698681228
  ],
  "3": [
    311.0688202600663,
    124519.79696734459,
    1.5447441350273816
  ],
  "4": [
    118749.99999999952,
    452254.2485937459,
    18.99696048632243
  ],
  "5": [
    118749.99999999965,
    481249.99999999866,
    2.117989629000343
  ],
  "6": [
    15553.44101300332,
    158862.88774465612,
    2.8102543384209153
  ],
  "7": [
    15553.441013003314,
    157543.34998725122,
    1.2499433882421438
  ]
}