{
  "0": {
    "0": [
      [
        50.0,
        90.0,
        0.0
      ],
      124999.99999999967
    ],
    "1": [
      [
        50.0,
        90.0,
        0.0
      ],
      499999.99999999866
    ],
    "2": [
      [
        50.0,
        90.0,
        0.0
      ],
      124999.99999999953
    ]
  },
  "3": {
    "0": [
      [
        50.0,
        110.0,
        0.0
      ],
      125000.00000000048
    ],
    "1": [
      [
        50.0,
        110.0,
        0.0
      ],
      500000.00000000134
    ],
    "2": [
      [
        50.0,
        110.0,
        0.0
      ],
      125000.00000000048
    ]
  },
  "1": {
    "0": [
      [
        50.0,
        110.0,
        2.0
      ],
      15556.0084415314
    ],
    "1": [
      [
        50.0,
        110.0,
        2.0
      ],
      163798.48484430846
    ],
    "2": [
      [
        50.0,
        110.0,
        2.0
      ],
      7686.46796124582
    ]
  },
  "2": {
    "0": [
      [
        50.0,
        110.0,
        2.0
      ],
      15556.0084415314
    ],
    "1": [
      [
        50.0,
        110.0,
        2.0
      ],
      163798.48484430846
    ],
    "2": [
      [
        50.0,
        110.0,
        2.0
      ],
      7686.46796124582
    ]
  }
}