{
  "0": {
    "0": [
      [
        50.0,
        90.0,
        0.0
      ],
      124999.99999999945
    ],
    "1": [
      [
        50.0,
        90.0,
        0.0
      ],
      499999.9999999978
    ],
    "2": [
      [
        50.0,
        90.0,
        0.0
      ],
      124999.99999999932
    ]
  },
  "3": {
    "0": [
      [
        1.0,
        90.0,
        0.0
      ],
      2499.999999999992
    ],
    "1": [
      [
        1.0,
        90.0,
        0.0
      ],
      130050.00000000016
    ],
    "2": [
      [
        1.0,
        90.0,
        0.0
      ],
      49.99999999999978
    ]
  },
  "1": {
    "0": [
      [
        50.0,
        90.0,
        0.0
      ],
      124999.99999999958
    ],
    "1": [
      [
        50.0,
        90.0,
        0.0
      ],
      499999.9999999983
    ],
    "2": [
      [
        50.0,
        90.0,
        0.0
      ],
      124999.99999999945
    ]
  },
  "2": {
    "0": [
      [
        1.0,
        110.0,
        2.0
      ],
      311.120168830628
    ],
    "1": [
      [
        1.0,
        110.0,
        2.0
      ],
      125625.31492484565
    ],
    "2": [
      [
        1.0,
        110.0,
        2.0
      ],
      3.0745871844983275
    ]
  }
}