{
  "0": [
    311.12016883062853,
    311.1201688306284,
    153.72935922491772,
    153.72935922491772,
    15556.008441531427,
    15556.008441531418,
    7686.467961245885,
    7686.467961245885,
    311.120168830628,
    311.1201688306279,
    153.7293592249164,
    153.7293592249164,
    15556.0084415314,
    15556.008441531392,
    7686.467961245819,
    7686.46796124582,
    49.99999999999978,
    49.99999999999984,
    6.222403376612603,
    6.222403376612601,
    2499.9999999999886,
    2499.999999999992,
    311.1201688306301,
    311.12016883063006,
    2499.9999999999886,
    2499.9999999999923,
    311.1201688306301,
    311.12016883063006,
    124999.99999999945,
    124999.99999999958,
    15556.008441531505,
    15556.008441531501
  ],
  "1": [
    7114.227623584622,
    8358.708298907135,
    7382.083829980541,
    7997.001266880214,
    101574.4510781829,
    163798.48484430887,
    1.0525918413224062e-22,
    30745.87184498354,
    8358.708298907004,
    7114.227623584494,
    7997.001266880079,
    7382.083829980414,
    163798.48484430846,
    101574.45107818313,
    30745.87184498328,
    1.4955805460159506e-23,
    1.56656103100686e-24,
    199.99999999999935,
    40.629780431272756,
    65.51939393772315,
    120049.99999999993,
    130050.00000000016,
    7114.227623584629,
    8358.708298907151,
    120049.99999999903,
    130049.999999999,
    124380.83424952225,
    125625.31492484477,
    3.916383747308735e-21,
    499999.9999999983,
    101574.45107818188,
    163798.4848443079
  ],
  "2": [
    0.04372596145756016,
    0.037216629780168424,
    0.02082183580263139,
    0.019220972102306635,
    0.15314732325980934,
    0.0949698251878959,
    7686.467961245885,
    0.2499918690915531,
    0.03721662978016896,
    0.04372596145756086,
    0.019220972102306794,
    0.020821835802631573,
    0.09496982518789603,
    0.15314732325980865,
    0.24999186909155308,
    7686.46796124582,
    49.99999999999978,
    0.24875621890547264,
    0.14947000229523824,
    0.09354269496860036,
    0.020824482928088812,
    0.019223227810628053,
    0.04372596145756034,
    0.03721662978016855,
    0.02082448292808897,
    0.019223227810628227,
    0.0025013312491154642,
    0.0024765525361207636,
    124999.99999999945,
    0.249999500001,
    0.15314732325981165,
    0.09496982518789697
  ]
}