{
  "0": [
    2499.999999999986,
    2499.9999999999895,
    311.1201688306293,
    311.12016883062927,
    124999.99999999932,
    124999.99999999945,
    15556.008441531463,
    15556.008441531458,
    49.99999999999978,
    49.99999999999984,
    6.222403376612603,
    6.222403376612601,
    2499.9999999999886,
    2499.999999999992,
    311.1201688306301,
    311.12016883063006,
    6.222403376612559,
    6.222403376612557,
    3.0745871844983275,
    3.0745871844983275,
    311.120168830628,
    311.1201688306279,
    153.7293592249164,
    153.7293592249164,
    2499.9999999999886,
    2499.9999999999923,
    311.1201688306301,
    311.12016883063006,
    124999.99999999945,
    124999.99999999958,
    15556.008441531505,
    15556.008441531501
  ],
  "1": [
    120049.99999999876,
    130049.99999999872,
    124380.83424952198,
    125625.31492484448,
    3.9437112143519114e-21,
    499999.9999999978,
    101574.4510781817,
    163798.48484430756,
    1.56656103100686e-24,
    199.99999999999935,
    40.629780431272756,
    65.51939393772315,
    120049.99999999993,
    130050.00000000016,
    7114.227623584629,
    8358.708298907151,
    65.51939393772338,
    40.629780431273254,
    12.29834873799331,
    5.985070270937171e-27,
    125625.31492484565,
    124380.83424952341,
    7997.001266880222,
    7382.083829980556,
    120049.99999999903,
    130049.999999999,
    124380.83424952225,
    125625.31492484477,
    3.916383747308735e-21,
    499999.9999999983,
    101574.45107818188,
    163798.4848443079
  ],
  "2": [
    0.020824482928088993,
    0.019223227810628248,
    0.0025013312491154634,
    0.002476552536120763,
    124999.99999999932,
    0.249999500001,
    0.15314732325981154,
    0.0949698251878969,
    49.99999999999978,
    0.24875621890547264,
    0.14947000229523824,
    0.09354269496860036,
    0.020824482928088812,
    0.019223227810628053,
    0.04372596145756034,
    0.03721662978016855,
    0.0935426949685994,
    0.14947000229523535,
    0.23120067348769766,
    3.0745871844983275,
    0.00247655253612073,
    0.002501331249115423,
    0.01922097210230645,
    0.02082183580263117,
    0.02082448292808897,
    0.019223227810628227,
    0.0025013312491154642,
    0.0024765525361207636,
    124999.99999999945,
    0.249999500001,
    0.15314732325981165,
    0.09496982518789697
  ]
}