{
  "0": {
    "0": [
      [
        50.0,
        90.0,
        2.0
      ],
      15556.008441531427
    ],
    "1": [
      [
        50.0,
        90.0,
        2.0
      ],
      163798.48484430887
    ],
    "2": [
      [
        50.0,
        90.0,
        2.0
      ],
      7686.467961245885
    ]
  },
  "3": {
    "0": [
      [
        50.0,
        110.0,
        2.0
      ],
      15556.0084415314
    ],
    "1": [
      [
        50.0,
        110.0,
        2.0
      ],
      163798.48484430846
    ],
    "2": [
      [
        50.0,
        110.0,
        2.0
      ],
      7686.46796124582
    ]
  },
  "1": {
    "0": [
      [
        50.0,
        90.0,
        0.0
      ],
      124999.99999999958
    ],
    "1": [
      [
        50.0,
        90.0,
        0.0
      ],
      499999.9999999983
    ],
    "2": [
      [
        50.0,
        90.0,
        0.0
      ],
      124999.99999999945
    ]
  },
  "2": {
    "0": [
      [
        1.0,
        90.0,
        0.0
      ],
      2499.999999999992
    ],
    "1": [
      [
        1.0,
        90.0,
        0.0
      ],
      130050.00000000016
    ],
    "2": [
      [
        1.0,
        90.0,
        0.0
      ],
      49.99999999999978
    ]
  }
}