{
  "0": [
    2375.0000000000114,
    129095.08497187393,
    0.31444772838842605
  ],
  "1": [
    2375.0000000000123,
    129095.08497187578,
    0.48500111102558835
  ],
  "2": [
    311.06882026007094,
    125526.60298285187,
    1.114636241517966
  ],
  "3": [
    311.0688202600708,
    125526.60298285348,
    2.9729503315723216
  ],
  "4": [
    118750.00000000057,
    481250.00000000215,
    18.99696048632248
  ],
  "5": [
    118750.00000000061,
    481250.00000000244,
    18.9969604863222
  ],
  "6": [
    15553.441013003547,
    158862.88774465508,
    2.0824121442377077
  ],
  "7": [
    15553.44101300354,
    158862.88774465755,
    6.159947951745062
  ]
}