{
  "0": [
    2499.9999999999905,
    2499.999999999993,
    311.1201688306285,
    311.12016883062836,
    124999.99999999953,
    124999.99999999967,
    15556.008441531423,
    15556.008441531418,
    2500.000000000007,
    2500.00000000001,
    311.120168830628,
    311.1201688306279,
    125000.00000000033,
    125000.00000000048,
    15556.0084415314,
    15556.008441531392,
    311.120168830628,
    311.1201688306279,
    153.7293592249164,
    153.7293592249164,
    15556.0084415314,
    15556.008441531392,
    7686.467961245819,
    7686.46796124582,
    311.120168830628,
    311.1201688306279,
    153.7293592249164,
    153.7293592249164,
    15556.0084415314,
    15556.008441531392,
    7686.467961245819,
    7686.46796124582
  ],
  "1": [
    120049.99999999919,
    130049.99999999916,
    124380.83424952242,
    125625.31492484492,
    5.974560597878019e-21,
    499999.99999999866,
    101574.45107818222,
    163798.48484430788,
    130050.0000000008,
    120050.00000000077,
    125625.31492484653,
    124380.83424952402,
    500000.00000000134,
    5.123950185351203e-21,
    163798.48484430942,
    101574.45107818389,
    8358.708298907004,
    7114.227623584494,
    7997.001266880079,
    7382.083829980414,
    163798.48484430846,
    101574.45107818313,
    30745.87184498328,
    1.4955805460159506e-23,
    8358.708298907004,
    7114.227623584494,
    7997.001266880079,
    7382.083829980414,
    163798.48484430846,
    101574.45107818313,
    30745.87184498328,
    1.4955805460159506e-23
  ],
  "2": [
    0.020824482928088958,
    0.01922322781062821,
    0.0025013312491154478,
    0.002476552536120747,
    124999.99999999953,
    0.249999500001,
    0.15314732325981034,
    0.09496982518789647,
    0.019223227810628074,
    0.020824482928088844,
    0.002476552536120713,
    0.002501331249115411,
    0.249999500001,
    125000.00000000048,
    0.09496982518789547,
    0.1531473232598075,
    0.03721662978016896,
    0.04372596145756086,
    0.019220972102306794,
    0.020821835802631573,
    0.09496982518789603,
    0.15314732325980865,
    0.24999186909155308,
    7686.46796124582,
    0.03721662978016896,
    0.04372596145756086,
    0.019220972102306794,
    0.020821835802631573,
    0.09496982518789603,
    0.15314732325980865,
    0.24999186909155308,
    7686.46796124582
  ]
}