{
  "2": {
    "0": [
      [
        1.0,
        110.0,
        2.0
      ],
      311.120168830628
    ],
    "1": [
      [
        1.0,
        110.0,
        2.0
      ],
      125625.31492484565
    ],
    "2": [
      [
        1.0,
        110.0,
        2.0
      ],
      3.0745871844983275
    ]
  }
}