{
  "3": {
    "0": [
      [
        1.0,
        90.0,
        0.0
      ],
      2499.999999999992
    ],
    "1": [
      [
        1.0,
        90.0,
        0.0
      ],
      130050.00000000016
    ],
    "2": [
      [
        1.0,
        90.0,
        0.0
      ],
      49.99999999999978
    ]
  }
}