{
  "0": {
    "0": [
      [
        50.0,
        90.0,
        0.0
      ],
      124999.99999999967
    ],
    "1": [
      [
        50.0,
        90.0,
        0.0
      ],
      499999.99999999866
    ],
    "2": [
      [
        50.0,
        90.0,
        0.0
      ],
      124999.99999999953
    ]
  }
}