{
  "1": {
    "0": [
      [
        50.0,
        90.0,
        0.0
      ],
      124999.99999999958
    ],
    "1": [
      [
        50.0,
        90.0,
        0.0
      ],
      499999.9999999983
    ],
    "2": [
      [
        50.0,
        90.0,
        0.0
      ],
      124999.99999999945
    ]
  }
}