{
  "0": [
    6.222403376612602,
    6.222403376612601,
    3.074587184498379,
    3.074587184498379,
    311.1201688306301,
    311.12016883063006,
    153.7293592249189,
    153.72935922491894
  ],
  "1": [
    40.629780431273154,
    65.51939393772368,
    5.3002111126821e-27,
    12.298348737993516,
    124380.83424952313,
    125625.31492484591,
    7382.08382998055,
    7997.001266880227
  ],
  "2": [
    0.1494700022952368,
    0.09354269496859961,
    3.074587184498379,
    0.23120067348769796,
    0.0025013312491154465,
    0.0024765525361207415,
    0.020821835802631528,
    0.019220972102306756
  ]
}