{
  "0": [
    107.85499186128436,
    0.13715957341967783,
    0.13715957341944898,
    107.85499186128432,
    80.66041666488849,
    0.1836202045638506,
    0.18362020456363687,
    80.66041666488847,
    64.26818312565007,
    0.22881706865646098,
    0.2288170686562838,
    64.26818312565008,
    53.29284453130435,
    0.2734373592963987,
    0.27343735929625745,
    53.29284453130434,
    1869.4865255955954,
    2.3774326059410993,
    2.377432605937144,
    1869.4865255955945,
    1398.1138888580667,
    3.1827502124401303,
    3.1827502124364195,
    1398.1138888580667,
    1113.981840844601,
    3.966162523378583,
    3.966162523375542,
    1113.9818408446013,
    923.7426385426088,
    4.7395808944709,
    4.73958089446854,
    923.7426385426089,
    3631.1180593299064,
    4.617705638462577,
    4.617705638454768,
    3631.118059329905,
    2715.5673610512454,
    6.181880220316539,
    6.181880220309259,
    2715.5673610512445,
    2163.6954985635525,
    7.7035079781007445,
    7.7035079780948745,
    2163.695498563553,
    1794.192432553913,
    9.205724429645231,
    9.205724429640599,
    1794.1924325539128,
    5392.749593064218,
    6.857978670983807,
    6.85797867097245,
    5392.749593064215,
    4033.020833244424,
    9.181010228192372,
    9.181010228181881,
    4033.020833244424,
    3213.4091562825047,
    11.440853432822628,
    11.440853432814073,
    3213.4091562825042,
    2664.6422265652172,
    13.671867964819812,
    13.671867964812735,
    2664.6422265652177
  ],
  "1": [
    1189.4526222651689,
    974.5869008834477,
    974.0382625897699,
    758.0326548200317,
    1094.3762485762195,
    933.4324879339007,
    932.698007115646,
    771.7345819166657,
    1056.9324903707209,
    928.868055120452,
    927.9527868458268,
    799.8597578681205,
    1033.4029147897072,
    927.3852250543325,
    926.2914756171473,
    820.2315366644898,
    19684.937911956,
    16121.955992265322,
    16112.446261841791,
    12206.991809573654,
    6517.942439279824,
    3731.034215389208,
    3718.3032145394673,
    925.4868838475492,
    4549.820209089877,
    2334.084265724651,
    2318.219615631142,
    93.89284571147154,
    3694.970554170435,
    1863.3112101815009,
    1844.352886603621,
    1.7954567946137713e-24,
    64858.200979424575,
    58251.199218939015,
    58232.72839638605,
    50333.72874210508,
    16910.39237796688,
    11502.765757554993,
    11478.03823667379,
    6048.122933761878,
    10525.601010019265,
    6229.821729603138,
    6199.007697690745,
    1870.8190157650558,
    7997.001266880174,
    4450.971420937182,
    4414.148523218606,
    820.2315366645217,
    136709.24182467093,
    127362.31658090455,
    127334.8846662225,
    115138.24345241433,
    32271.726064637412,
    24248.627114431267,
    24211.90307351862,
    16139.642731659656,
    18984.274893158894,
    12616.080446755916,
    12570.317033024638,
    6130.638268028875,
    13939.495052918926,
    8690.365857321382,
    8635.678385462106,
    3280.926146658056
  ],
  "2": [
    0.09059998679834909,
    0.00014059185634357358,
    0.0001406709651118137,
    0.14209532511727968,
    0.0736371787956254,
    0.0001965045168429968,
    0.00019665909444411403,
    0.104383081270701,
    0.060748850905532926,
    0.00024607477092738794,
    0.0002463172207418753,
    0.08024898553615835,
    0.05152039284628148,
    0.00029453006350935423,
    0.0002948774646227332,
    0.06489381149165108,
    0.09496558070825709,
    0.00014745637258339146,
    0.00014754339743988445,
    0.15313628602941237,
    0.21446943302240948,
    0.0008528191406487966,
    0.0008557383006565425,
    1.5090487660785088,
    0.2447870470952724,
    0.0016985093778394147,
    0.0017101280519724342,
    11.739365939469689,
    0.2499323587684653,
    0.002542269160098799,
    0.002568387287263932,
    923.7426385426089,
    0.05598462522660145,
    7.927092367975807e-05,
    7.929606716957763e-05,
    0.07213941845071412,
    0.16057621397214106,
    0.0005373788332100421,
    0.0005385364255133402,
    0.4489191889116503,
    0.20554550291249166,
    0.0012363550607620108,
    0.001242499744147757,
    1.1559320000172135,
    0.22433010106958684,
    0.002067786056835769,
    0.0020850316543665677,
    2.1847583202188345,
    0.03944656611741166,
    5.38457921408433e-05,
    5.385739211651795e-05,
    0.046836764176698575,
    0.12496684739823002,
    0.00037860418161764784,
    0.00037917841575234524,
    0.24986742475463553,
    0.16925797358037814,
    0.0009067750246265794,
    0.0009100759612345425,
    0.5240702428643939,
    0.19114401722823193,
    0.0015730402090142121,
    0.001583000704046851,
    0.8119141344111565
  ]
}