{
  "0": [
    0.009202950957425177,
    17.481572264665225,
    17.4815722646653,
    0.00920295095744583,
    0.0045057116198851865,
    9.322608982172927,
    9.322608982172945,
    0.0045057116198505874,
    0.007913052312587645,
    6.233348989158289,
    6.233348989158293,
    0.007913052312568678,
    0.010593473340157623,
    4.667782440539057,
    4.667782440539057,
    0.0105934733401484,
    0.15951781659536754,
    303.0139192541971,
    303.0139192541984,
    0.15951781659573552,
    0.07809900141134551,
    161.59188902433067,
    161.59188902433107,
    0.07809900141073822,
    0.13715957341818072,
    108.04471581207702,
    108.0447158120771,
    0.13715957341786195,
    0.1836202045627303,
    80.90822896934367,
    80.90822896934364,
    0.1836202045625725,
    0.30983268223332955,
    588.546266243729,
    588.5462662437316,
    0.3098326822340086,
    0.15169229120279182,
    313.8611690664885,
    313.8611690664892,
    0.15169229120163213,
    0.2664060945237665,
    209.85608263499572,
    209.85608263499586,
    0.266406094523145,
    0.356646935785302,
    157.1486754981483,
    157.14867549814826,
    0.3566469357849989,
    0.46014754787128653,
    874.0786132332612,
    874.0786132332648,
    0.46014754787231926,
    0.22528558099423676,
    466.13044910864625,
    466.1304491086473,
    0.2252855809925181,
    0.3956526156293673,
    311.66744945791453,
    311.66744945791476,
    0.39565261562841697,
    0.5296736670078911,
    233.38912202695292,
    233.38912202695286,
    0.5296736670074139
  ],
  "1": [
    59.341014884087734,
    24.929407646850485,
    94.85569670551227,
    59.30420308025812,
    18.626374262775553,
    5.47045668588179e-26,
    37.29043592869178,
    18.644397109255006,
    13.96026845436828,
    1.523693444395429,
    26.457089401028586,
    13.991920663618592,
    12.376009219990982,
    3.0827558942344804,
    21.753885656390707,
    12.418383113351593,
    15031.863866837572,
    14596.753258984621,
    15808.808936001635,
    15031.225795571221,
    2807.13843400044,
    2487.064907355239,
    3133.4324634525747,
    2807.450830006077,
    1407.1621786934104,
    1195.6424794933116,
    1627.8213427416192,
    1407.7108169870828,
    932.6980071156646,
    777.5955608934445,
    1101.2284767708181,
    933.4324879339151,
    56682.1644965688,
    56150.451245614204,
    58504.63631058998,
    56680.925165839995,
    10564.534241721562,
    9948.259629420956,
    11203.704305686959,
    10565.141010886346,
    5283.257171142686,
    4880.282518816518,
    5719.7068493564975,
    5284.322795520779,
    3493.4830783403504,
    3203.8425915211687,
    3832.4372935137576,
    3494.9096660834903,
    125010.24290407781,
    124686.02336753561,
    128182.33782047052,
    125008.40231388662,
    23290.81379742615,
    22383.584166197157,
    24248.105962631846,
    23291.71493975006,
    11642.2452458022,
    11055.443811414012,
    12302.113609245665,
    11643.827856264712,
    7694.731222894046,
    7281.823847777409,
    8215.38033588521,
    7696.849917562079
  ],
  "2": [
    0.00015251568067099327,
    0.6741986744455624,
    0.1823738480392267,
    0.0001526087816001438,
    0.00022957432481204458,
    9.322608982172927,
    0.24347095445803818,
    0.00022936370074334451,
    0.00052893785540841,
    2.4699311253516916,
    0.22702147697143682,
    0.0005278211171282111,
    0.0007919756308425127,
    1.1432920707139824,
    0.2051422122369703,
    0.0007894746520993022,
    1.0611272609689702e-05,
    0.02075757233858561,
    0.019166197420905192,
    1.0611723025257677e-05,
    2.7811663579593054e-05,
    0.06494681410707226,
    0.05155379511553991,
    2.7808569969006446e-05,
    9.740325048741673e-05,
    0.09028988830300079,
    0.06633306733948924,
    9.736531569425695e-05,
    0.00019665909444313914,
    0.10391560526815853,
    0.07340422668662965,
    0.000196504516841626,
    5.466044194693552e-06,
    0.010481407927808424,
    0.010059650716715648,
    5.466163707875131e-06,
    1.4357276000657292e-05,
    0.0315461834103082,
    0.02801155304983717,
    1.4356451522399979e-05,
    5.0415050951458125e-05,
    0.04299199684223071,
    0.03668359315747875,
    5.0404886291698134e-05,
    0.00010205999794243841,
    0.04903475631343197,
    0.04099419488719603,
    0.00010201834997199878,
    3.6808493154840614e-06,
    0.007010181088827263,
    0.00681897216982656,
    3.6809035108969876e-06,
    9.672307315934829e-06,
    0.02082372608076175,
    0.01922258287901252,
    9.671933116223312e-06,
    3.398130051172924e-05,
    0.02818876076014312,
    0.02533240441051441,
    3.397668222425142e-05,
    6.882694466149803e-05,
    0.032046514772999656,
    0.028405345478911326,
    6.880800128344959e-05
  ]
}