{
  "0": [
    587.1212493631642,
    0.3098326822264622,
    0.30983268222555804,
    587.121249363163,
    313.5301490293592,
    0.1516922912069772,
    0.1516922912067324,
    313.53014902935877,
    209.48758034595616,
    0.26640609452667996,
    0.2664060945262321,
    209.4875803459561,
    156.66734775295643,
    0.3566469357874769,
    0.35664693578705486,
    156.66734775295646,
    10176.768322294844,
    5.370433158592408,
    5.370433158576222,
    10176.768322294824,
    5434.522583175559,
    2.6293330475878727,
    2.6293330475836605,
    5434.5225831755515,
    3631.1180593299064,
    4.617705638462434,
    4.617705638454683,
    3631.118059329905,
    2715.567361051245,
    6.181880220316354,
    6.181880220309231,
    2715.5673610512445,
    19766.415395226522,
    10.431033634958016,
    10.431033634926923,
    19766.415395226486,
    10555.515017321759,
    5.106973803969123,
    5.106973803960256,
    10555.515017321743,
    7052.748538313856,
    8.969005182398032,
    8.969005182382983,
    7052.748538313852,
    5274.467374349533,
    12.007113504845115,
    12.007113504831382,
    5274.467374349533,
    29356.06246815821,
    15.491634111323224,
    15.491634111278033,
    29356.062468158147,
    15676.50745146796,
    7.584614560348353,
    7.584614560337158,
    15676.507451467938,
    10474.379017297808,
    13.320304726333566,
    13.320304726311196,
    10474.379017297802,
    7833.3673876478215,
    17.83234678937331,
    17.832346789353178,
    7833.367387647823
  ],
  "1": [
    11779.75751604805,
    10605.465295151276,
    10606.704625880182,
    9431.272518595395,
    11191.888092084284,
    10565.141010886307,
    10564.534241721482,
    9937.767495966846,
    10979.143663590456,
    10560.715611951311,
    10559.649987573208,
    10141.193342206629,
    10871.924300012133,
    10559.324022986437,
    10557.897435243287,
    10245.254909000309,
    45931.27388413362,
    25738.23263951538,
    25759.71437214994,
    5224.200594954314,
    24222.532206693933,
    13361.699759838624,
    13351.182427648291,
    2484.4418739917005,
    19215.865024839608,
    11967.15973073394,
    11948.688908180107,
    4691.392787519986,
    16910.39237796683,
    11497.968187612312,
    11473.240666731057,
    6048.122933761849,
    106760.56802999695,
    67852.87411917128,
    67894.59825371193,
    27694.906449091042,
    42222.060069287036,
    21132.388323501415,
    21111.96042828561,
    8.961681705323801e-23,
    29935.47946829899,
    15864.125102790851,
    15828.24908206129,
    1724.4853150435756,
    24589.323529250534,
    14088.346577866705,
    14040.318123847348,
    3491.454031852404,
    194267.63995363802,
    136949.38973411903,
    137011.35627056612,
    76843.39008100561,
    65190.471679863615,
    33877.206701874704,
    33846.86824363343,
    2484.441873991747,
    43137.986993968625,
    22251.611728122058,
    22198.33050921676,
    1240.4709247773987,
    33908.71775386325,
    18330.45919374961,
    18259.129806592147,
    2575.2482032719686
  ],
  "2": [
    0.04983730872682615,
    2.9211681140191124e-05,
    2.9208268249630817e-05,
    0.06224600150236054,
    0.028011550410397715,
    1.4356451522905898e-05,
    1.4357276001030366e-05,
    0.03154618006272804,
    0.019078764974688384,
    2.52237519276909e-05,
    2.5226297135092446e-05,
    0.02065505687750753,
    0.014408943116874419,
    3.37723478002352e-05,
    3.377691070249868e-05,
    0.015290205947866854,
    0.22156029871210456,
    0.00020864775705658033,
    0.00020847376672062434,
    1.947632083660475,
    0.22434889085555335,
    0.00019676660366869052,
    0.0001969215940413692,
    2.1865418137691273,
    0.18895475690943056,
    0.0003858325542400875,
    0.00038642894170187584,
    0.7738307988596616,
    0.16057621397214153,
    0.0005376030370251839,
    0.000538761596506622,
    0.4489191889116524,
    0.185145420397654,
    0.00015372790088061982,
    0.00015363342990142438,
    0.7136944743642866,
    0.24999407906486196,
    0.00024165428306117414,
    0.00024188809623866406,
    10555.515017321743,
    0.23559044562278314,
    0.0005653283616919154,
    0.0005666096436973267,
    4.087399919793429,
    0.214493614452672,
    0.0008522122327310324,
    0.0008551272322816236,
    1.5102467566486326,
    0.15111066034725934,
    0.00011311858360826356,
    0.00011306742350073755,
    0.38201959098396665,
    0.2404686847453105,
    0.00022387886782474368,
    0.0002240795345143716,
    6.3073321551031345,
    0.24280540057100225,
    0.0005985951172418939,
    0.0006000318217155623,
    8.437071548152371,
    0.23100656409195222,
    0.0009727729037224445,
    0.0009765728381030164,
    3.040610519475197
  ]
}