{
  "0": [
    2500.000000000007,
    2500.00000000001,
    311.120168830628,
    311.1201688306279,
    125000.00000000033,
    125000.00000000048,
    15556.0084415314,
    15556.008441531392
  ],
  "1": [
    130050.0000000008,
    120050.00000000077,
    125625.31492484653,
    124380.83424952402,
    500000.00000000134,
    5.123950185351203e-21,
    163798.48484430942,
    101574.45107818389
  ],
  "2": [
    0.019223227810628074,
    0.020824482928088844,
    0.002476552536120713,
    0.002501331249115411,
    0.249999500001,
    125000.00000000048,
    0.09496982518789547,
    0.1531473232598075
  ]
}