{
  "0": [
    311.1201688306272,
    311.1201688306271,
    153.72935922491718,
    153.7293592249172,
    15556.008441531361,
    15556.008441531356,
    7686.467961245859,
    7686.46796124586
  ],
  "1": [
    7114.227623584573,
    8358.708298907082,
    7382.083829980491,
    7997.001266880161,
    101574.451078183,
    163798.48484430872,
    1.0063536750131534e-22,
    30745.871844983438
  ],
  "2": [
    0.043725961457560275,
    0.03721662978016851,
    0.020821835802631458,
    0.019220972102306697,
    0.15314732325980854,
    0.09496982518789561,
    7686.467961245859,
    0.24999186909155313
  ]
}