{
  "0": [
    50.000000000000135,
    50.0000000000002,
    6.222403376612559,
    6.222403376612556,
    2500.000000000007,
    2500.00000000001,
    311.120168830628,
    311.1201688306279
  ],
  "1": [
    200.00000000000054,
    2.0495601021939564e-24,
    65.51939393772379,
    40.62978043127356,
    130049.99999999991,
    120050.00000000016,
    8358.708298907146,
    7114.227623584636
  ],
  "2": [
    0.24875621890547264,
    50.0000000000002,
    0.09354269496859884,
    0.14947000229523424,
    0.019223227810628202,
    0.02082448292808895,
    0.03721662978016833,
    0.043725961457559984
  ]
}