{
  "0": [
    0.07809900141134066,
    161.59188902433067,
    161.59188902433107,
    0.07809900141073736,
    0.1371595734181714,
    108.04471581207702,
    108.04471581207711,
    0.1371595734178535,
    0.18362020456272762,
    80.90822896934367,
    80.90822896934367,
    0.1836202045625694,
    0.2288170686555839,
    64.57572220899058,
    64.57572220899054,
    0.2288170686554964,
    1.3537160244632531,
    2800.926076421731,
    2800.926076421738,
    1.3537160244527808,
    2.377432605915038,
    1872.775074076001,
    1872.7750740760025,
    2.3774326059094872,
    3.182750212420664,
    1402.40930213529,
    1402.4093021352899,
    3.1827502124178833,
    3.9661625233635482,
    1119.3125182891692,
    1119.3125182891688,
    3.9661625233619064,
    2.629333047515055,
    5440.260263819133,
    5440.260263819144,
    2.6293330474946788,
    4.617705638411717,
    3637.5054323399254,
    3637.505432339928,
    4.617705638400958,
    6.181880220278373,
    2723.9103753012373,
    2723.910375301237,
    6.181880220273281,
    7.703507978071243,
    2174.0493143693484,
    2174.0493143693475,
    7.703507978068358,
    3.904950070567012,
    8079.594451216534,
    8079.594451216553,
    3.9049500705367604,
    6.857978670908681,
    5402.235790603851,
    5402.235790603854,
    6.85797867089246,
    9.181010228136898,
    4045.4114484671836,
    4045.4114484671823,
    9.181010228128565,
    11.440853432778916,
    3228.7861104495278,
    3228.786110449526,
    11.44085343277451
  ],
  "1": [
    1452.2531041324642,
    1129.7954672806338,
    1776.1630233779583,
    1452.5655001381092,
    1411.4477596922936,
    1195.6424794933064,
    1627.8213427416147,
    1411.9963979859654,
    1406.6955473029825,
    1245.2606266371392,
    1568.8935425145137,
    1407.430028121233,
    1405.0262551824744,
    1276.353569510446,
    1534.656458346408,
    1405.9415234570965,
    16421.924092308564,
    10994.015637802666,
    22197.71994348983,
    16427.338956406435,
    4195.626459944546,
    457.7852304050122,
    7948.885526709032,
    4205.13619036819,
    2794.1576905685206,
    3.6177266918167656e-24,
    5609.637208541159,
    2806.888691418197,
    2318.219615631178,
    93.87367540690691,
    4571.123748563582,
    2334.084265724629,
    58069.37285826243,
    47840.10994361652,
    69601.15099889392,
    58079.89019045256,
    11948.68890818026,
    4694.0577960271985,
    19244.07952538695,
    11967.159730733858,
    6664.512916044291,
    1245.2606266371495,
    12140.902127842095,
    6689.240436925395,
    4871.876049408893,
    563.1280069318819,
    9259.325264409272,
    4902.690081321172,
    126394.59940199406,
    111668.07838472218,
    143986.45618959024,
    126410.21920227652,
    24670.635104399436,
    13904.460176359866,
    35513.40333877538,
    24698.067019082977,
    13017.761223730302,
    4981.04250654859,
    21162.68830041732,
    13054.48526464283,
    9065.99555651562,
    2684.116564085373,
    15599.26100588347,
    9111.758970246727
  ],
  "2": [
    5.374081169292443e-05,
    0.14290107601238536,
    0.09092688003218966,
    5.3729261875929816e-05,
    9.71077142336592e-05,
    0.09028988830300118,
    0.06633306733948943,
    9.707000924655992e-05,
    0.00013044028228584466,
    0.06492079364463536,
    0.05153739841476905,
    0.0001303722591086108,
    0.00016274025311560628,
    0.050554305205989004,
    0.04205089091249325,
    0.00016263438447196697,
    8.242844068780944e-05,
    0.25474507437640087,
    0.12617511656311334,
    8.24012718537733e-05,
    0.0005665104170234997,
    4.082030000012705,
    0.23557258375407883,
    0.0005652295832345303,
    0.0011386657086145681,
    1402.40930213529,
    0.24995544178126158,
    0.0011335029846964314,
    0.001710128051967236,
    11.797925119781773,
    0.2448123847568259,
    0.0016985093778322888,
    4.527839099522753e-05,
    0.11371517655486653,
    0.07816224334655401,
    4.5270191949070596e-05,
    0.0003864289416982753,
    0.774752003142083,
    0.18900963373736906,
    0.0003858325542349535,
    0.0009274425386526842,
    2.185666719369373,
    0.22433967484016779,
    0.0009240146566562353,
    0.0015808955327328142,
    3.8538226921108407,
    0.23477029718653547,
    0.0015709614291107173,
    3.0894667923900886e-05,
    0.07235301453264192,
    0.056113182807938776,
    3.0890850473392446e-05,
    0.0002779701727059739,
    0.38849744791531476,
    0.15211393921140662,
    0.0002776614463045852,
    0.0007052138118488541,
    0.8119985815355325,
    0.19114869728956516,
    0.0007032301015261985,
    0.0012618130627137477,
    1.202475212300269,
    0.20697000577309727,
    0.0012554763568452805
  ]
}