{
  "0": [
    2499.999999999984,
    8.609372978084213,
    8.609372978075967,
    2499.999999999987,
    871.9622515294518,
    0.4601475478710991,
    0.46014754786977086,
    871.9622515294502,
    465.63883519211805,
    0.22528558099418883,
    0.22528558099382445,
    465.6388351921175,
    311.1201688306285,
    0.395652615628884,
    0.3956526156282224,
    311.12016883062836,
    43333.33333333307,
    149.22913162012682,
    149.22913161998346,
    43333.333333333096,
    15114.012359843831,
    7.975890829765984,
    7.975890829742202,
    15114.012359843799,
    8071.073143330046,
    3.9049500705663145,
    3.9049500705599494,
    8071.073143330037,
    5392.749593064227,
    6.857978670900643,
    6.857978670888971,
    5392.749593064225,
    84166.66666666612,
    289.84889026216945,
    289.8488902618918,
    84166.6666666662,
    29356.06246815821,
    15.491634111660654,
    15.491634111615818,
    29356.06246815815,
    15676.507451467973,
    7.584614560138152,
    7.5846145601250825,
    15676.507451467953,
    10474.379017297824,
    13.320304726171436,
    13.320304726149745,
    10474.37901729782,
    124999.99999999919,
    430.46864890420835,
    430.4686489037974,
    124999.99999999932,
    43598.1125764726,
    23.007377393555647,
    23.007377393487406,
    43598.11257647251,
    23281.941759605907,
    11.264279049709678,
    11.264279049691666,
    23281.941759605874,
    15556.008441531421,
    19.782630781443558,
    19.782630781410486,
    15556.008441531416
  ],
  "1": [
    120049.99999999852,
    125067.78868914867,
    125033.35119723636,
    130049.99999999847,
    123265.38827364343,
    125010.24290407643,
    125008.40231388493,
    126753.23727976123,
    124073.37581519109,
    125004.21721127705,
    125005.11835360102,
    125935.93115595957,
    124380.83424952175,
    125002.30440656038,
    125003.8870170229,
    125625.31492484425,
    53355.5555555546,
    140491.9167517496,
    139895.0002252696,
    226688.88888888693,
    97569.94730333192,
    127816.87785807977,
    127784.97429476074,
    158025.9967427072,
    110255.9676021965,
    126394.59940199264,
    126410.21920227491,
    142540.26017551663,
    115138.24345241267,
    125916.37345250664,
    125943.80536719023,
    136709.24182466956,
    13338.888888888425,
    182897.91894964234,
    181738.52338859506,
    350005.5555555533,
    76843.39008100386,
    135597.64262679356,
    135535.67609034703,
    194267.63995363654,
    98921.4524714121,
    130275.50284598254,
    130305.84130422307,
    161627.482277284,
    107536.11572863259,
    128482.17672408145,
    128535.45794298608,
    149433.6317978239,
    4.761855456790069e-21,
    252285.79528282688,
    250563.92068721273,
    499999.9999999973,
    61085.71660665926,
    148352.53721021785,
    148260.5077006439,
    235478.1669125494,
    90069.83042283797,
    136646.92754324674,
    136691.98465944556,
    183197.59746126152,
    101574.45107818155,
    132699.71422128472,
    132778.84474441042,
    163798.4848443072
  ],
  "2": [
    0.02082448292808902,
    6.88371021125208e-05,
    6.885606151940636e-05,
    0.01922322781062826,
    0.0070738038466232325,
    3.680849315482603e-06,
    3.6809035108766516e-06,
    0.006879156628152232,
    0.0037529008881389625,
    1.802209427894704e-06,
    1.8021964361501568e-06,
    0.0036973970297519243,
    0.002501331249115461,
    3.1651372538286234e-06,
    3.1650971819553204e-06,
    0.0024765525361207606,
    0.8121463779312853,
    0.0010621826001649185,
    0.0010667147836942088,
    0.19115688637781778,
    0.15490279409563248,
    6.240043226677466e-05,
    6.241601141095823e-05,
    0.09564196416674163,
    0.07320238637843017,
    3.0894667923895716e-05,
    3.0890850473576286e-05,
    0.05662271494858267,
    0.04683676417669935,
    5.4464117880344184e-05,
    5.4452255104088136e-05,
    0.0394465661174121,
    6.309397879376152,
    0.0015847490620869865,
    0.001594858866456569,
    0.24047168640333427,
    0.38201959098397614,
    0.00011424623293831992,
    0.00011429846561449753,
    0.15111066034726017,
    0.1584726931026945,
    5.821935955024023e-05,
    5.8205804731445634e-05,
    0.09699099583558485,
    0.09740245445795362,
    0.00010367353194244945,
    0.00010363055695885232,
    0.07009338391832107,
    124999.99999999919,
    0.001706267061744671,
    0.0017179924776507863,
    0.24999950000099996,
    0.7137085605239394,
    0.00015508479154732963,
    0.00015518105643402602,
    0.18514636835225287,
    0.2584848130111459,
    8.243285684771711e-05,
    8.240568510341104e-05,
    0.1270858078732234,
    0.15314732325981134,
    0.00014907704828517415,
    0.00014898820539736523,
    0.09496982518789686
  ]
}