{
  "0": [
    0.39565261562936993,
    311.66744945791453,
    311.66744945791476,
    0.39565261562841786,
    0.5296736670078938,
    233.38912202695292,
    233.38912202695286,
    0.5296736670074201,
    0.6600492365065188,
    186.2761217567036,
    186.27612175670347,
    0.6600492365062524,
    0.788761613352998,
    154.78558965698218,
    154.78558965698207,
    0.7887616133528124,
    6.8579786709092785,
    5402.235790603851,
    5402.235790603854,
    6.857978670892687,
    9.18101022813704,
    4045.4114484671836,
    4045.4114484671823,
    9.181010228128736,
    11.4408534327792,
    3228.7861104495278,
    3228.786110449526,
    11.440853432774851,
    13.671867964785337,
    2682.950220721023,
    2682.9502207210217,
    13.67186796478238,
    13.320304726188485,
    10492.804131749783,
    10492.804131749794,
    13.320304726156984,
    17.832346789265262,
    7857.433774907414,
    7857.433774907413,
    17.832346789250018,
    22.22165762905195,
    6271.296099142352,
    6271.296099142349,
    22.22165762904388,
    26.554974316217468,
    5211.114851785063,
    5211.114851785061,
    26.5549743162117,
    19.782630781468256,
    15583.372472895724,
    15583.372472895735,
    19.782630781420828,
    26.483683350393715,
    11669.456101347643,
    11669.456101347641,
    26.483683350371066,
    33.00246182532608,
    9313.806087835179,
    9313.80608783517,
    33.0024618253122,
    39.43808066765013,
    7739.279482849108,
    7739.279482849102,
    39.43808066764075
  ],
  "1": [
    7788.488177617813,
    7166.51452712725,
    8413.18432495891,
    7790.070788080329,
    7747.5329122189,
    7281.823847777338,
    8215.380335885151,
    7749.65160688693,
    7742.612869952877,
    7371.395021776203,
    8116.499508803016,
    7745.253066898906,
    7740.776546806866,
    7432.804015328246,
    8051.946373956176,
    7743.931593260277,
    22747.785747729464,
    12128.266390152216,
    33737.20955256785,
    22775.21766241309,
    10518.889485413887,
    2449.3826623364334,
    18631.02845620518,
    10555.613526326413,
    9114.511664841588,
    2684.1165640853087,
    15599.261005883416,
    9160.275078572697,
    8635.678385462119,
    3303.4684512569843,
    14035.269334141072,
    8690.365857321254,
    64384.86109561887,
    44071.89238846899,
    86043.10891546898,
    64438.14231452367,
    18259.129806592333,
    2591.071291606006,
    34020.8063912357,
    18330.45919374934,
    12969.30354194053,
    487.3593596687021,
    25572.543756238105,
    13058.19017245672,
    11171.043297446387,
    825.8671128142352,
    21670.32651995448,
    11277.263194711244,
    132699.71422128603,
    102997.39252207761,
    165330.8824136624,
    132778.84474441208,
    30968.25387575425,
    7706.889735586061,
    54384.71414097673,
    31074.18860915572,
    19306.988501249707,
    781.1234085263843,
    38036.34775986707,
    19438.99834855098,
    15346.871282759661,
    1.5490426742105767e-23,
    30957.117931396406,
    15504.623605430243
  ],
  "2": [
    5.0793146687895574e-05,
    0.043483336975227764,
    0.0370407204574089,
    5.0782829009041023e-05,
    6.8357929560141e-05,
    0.03204651477299996,
    0.028405345478911527,
    6.833924344332192e-05,
    8.523789187185122e-05,
    0.025266703860345345,
    0.02294747558095895,
    8.520883978432853e-05,
    0.0001018838000017356,
    0.020821855047270504,
    0.019220988501496807,
    0.00010184229568137197,
    0.00030146570225594426,
    0.4453885022254883,
    0.160122183786504,
    0.00030110261381151987,
    0.0008727287716155916,
    1.6509304896117305,
    0.2171213648570779,
    0.0008696927480799449,
    0.0012550972291447363,
    1.2024752123002977,
    0.206970005773098,
    0.0012488276287581255,
    0.0015830007040436764,
    0.8119158225585291,
    0.19114411079268454,
    0.0015730402090099284,
    0.00020688245058036295,
    0.23807840972323088,
    0.12194680454019323,
    0.00020671139074355396,
    0.000976572838098192,
    3.0313339761728053,
    0.23095286842063603,
    0.0009727729037157332,
    0.0017132719798882436,
    12.841560164622901,
    0.24522593188175587,
    0.0017016106922090636,
    0.0023769129432471125,
    6.302239829141443,
    0.2404612771159523,
    0.0023545269211897994,
    0.0001490770482853588,
    0.15129723961037006,
    0.09425509614598077,
    0.00014898820539744126,
    0.000855160523293321,
    1.5139625113566013,
    0.21456840800322102,
    0.0008522452971554337,
    0.0017092646301912807,
    11.908358689050777,
    0.24485950352358948,
    0.0016976576455199207,
    0.0025696124199289525,
    7739.279482849108,
    0.24999192457369168,
    0.002543469496694676
  ]
}