{
  "0": [
    50.000000000000135,
    0.17218745956128262,
    0.1721874595611178,
    50.0000000000002,
    17.439245030589035,
    0.00920295095722212,
    0.009202950957195017,
    17.439245030589003,
    9.312776703842353,
    0.004505711620009655,
    0.004505711620002093,
    9.31277670384234,
    6.222403376612559,
    0.007913052312673526,
    0.007913052312660297,
    6.222403376612556,
    866.6666666666688,
    2.984582632395558,
    2.9845826323927036,
    866.6666666666699,
    302.2802471968767,
    0.15951781659185163,
    0.15951781659137546,
    302.2802471968761,
    161.42146286660073,
    0.0780990014134996,
    0.07809900141337302,
    161.4214628666005,
    107.85499186128435,
    0.13715957341967294,
    0.13715957341944987,
    107.85499186128429,
    1683.3333333333378,
    5.796977805229853,
    5.796977805224275,
    1683.3333333333394,
    587.1212493631642,
    0.3098326822264762,
    0.30983268222556515,
    587.1212493631629,
    313.5301490293592,
    0.15169229120699146,
    0.15169229120673766,
    313.53014902935877,
    209.48758034595613,
    0.2664060945266711,
    0.26640609452622854,
    209.48758034595605,
    2500.000000000007,
    8.609372978064133,
    8.609372978055855,
    2500.00000000001,
    871.9622515294518,
    0.4601475478611051,
    0.46014754785970935,
    871.9622515294501,
    465.6388351921176,
    0.22528558100046908,
    0.22528558100012067,
    465.63883519211697,
    311.120168830628,
    0.3956526156336501,
    0.39565261563301257,
    311.1201688306279
  ],
  "1": [
    200.00000000000054,
    100.22556827488573,
    100.91431811313129,
    2.0495601021939564e-24,
    94.19126676502079,
    59.30420308025879,
    59.341014884087656,
    24.43428664266467,
    73.27903898450555,
    54.6767938637794,
    54.65877101729937,
    36.027932169136136,
    65.51939393772379,
    53.11153789776532,
    53.07988568851465,
    40.62978043127356,
    16805.555555555544,
    15237.48932324605,
    15249.427653775852,
    13338.888888888901,
    3452.532517414843,
    2850.607040788544,
    2851.245112054923,
    2243.4115286273304,
    1770.9568145912756,
    1452.5655001381201,
    1452.253104132466,
    1125.2709631248733,
    1189.4526222651864,
    980.3637289967984,
    979.8150907031193,
    758.032654820049,
    60088.88888888885,
    57356.627213509026,
    57379.81512473078,
    53355.55555555561,
    11779.757516048126,
    10616.039693207305,
    10617.279023936257,
    9431.272518595442,
    5951.52767240828,
    5340.97545968675,
    5340.368690521919,
    4697.407076290844,
    3953.84892392166,
    3559.3501457243465,
    3558.284521346236,
    3115.898602537835,
    130049.99999999991,
    126457.63923906384,
    126492.07673097798,
    120050.00000000016,
    25075.866262664866,
    23355.602160336555,
    23357.4427505281,
    21588.017256547002,
    12614.991612435519,
    11719.906672509669,
    11719.005530185663,
    10752.436271667051,
    8358.708298907146,
    7790.070788080409,
    7788.488177617865,
    7114.227623584636
  ],
  "2": [
    0.24875621890547264,
    0.0017010273441359644,
    0.0016895315864251666,
    50.0000000000002,
    0.18320215313068303,
    0.00015260878159643242,
    0.00015251568066717915,
    0.6856589011360591,
    0.12537556800896385,
    8.092620474938752e-05,
    8.095240943429504e-05,
    0.2515067992807012,
    0.09354269496859884,
    0.00014623595299811866,
    0.00014632154287894236,
    0.14947000229523424,
    0.05156717947361826,
    0.0001958581699986907,
    0.0001957048484246113,
    0.06496805737179238,
    0.0875278416150979,
    5.5939620820876065e-05,
    5.592710665614904e-05,
    0.13468129322154612,
    0.09109785381752357,
    5.3729261877829724e-05,
    5.374081169432286e-05,
    0.14332382539520658,
    0.09059998679834774,
    0.00013976425800848037,
    0.00013984243790654153,
    0.1420953251172764,
    0.028013587051990724,
    0.00010106725272388068,
    0.00010102641087658256,
    0.03154876314271502,
    0.049837308726825826,
    2.9182586783084612e-05,
    2.9179180687108033e-05,
    0.06224600150236021,
    0.05267176673241922,
    2.839629128807091e-05,
    2.8399517051857998e-05,
    0.06673115886690581,
    0.05296980602187619,
    7.482581308655845e-05,
    7.484821540073598e-05,
    0.06721026477261323,
    0.019223227810628202,
    6.808054419902888e-05,
    6.806200940440428e-05,
    0.02082448292808895,
    0.03477157960632639,
    1.9700962695785998e-05,
    1.969941030633586e-05,
    0.040389159041735546,
    0.03690861959143503,
    1.922083225258129e-05,
    1.922231012774546e-05,
    0.04330139905315413,
    0.03721662978016833,
    5.078282900971208e-05,
    5.0793146688362865e-05,
    0.043725961457559984
  ]
}