{
  "0": [
    311.1201688306301,
    311.12016883063006,
    153.72935922491897,
    153.72935922491894,
    15556.008441531507,
    15556.0084415315,
    7686.467961245948,
    7686.467961245948
  ],
  "1": [
    7114.227623584744,
    8358.708298907264,
    7382.083829980665,
    7997.001266880341,
    101574.45107818289,
    163798.48484430913,
    1.3263086531227035e-23,
    30745.87184498379
  ],
  "2": [
    0.04372596145755963,
    0.03721662978016805,
    0.020821835802631212,
    0.019220972102306482,
    0.15314732325981015,
    0.09496982518789625,
    7686.467961245948,
    0.2499918690915531
  ]
}