{
  "0": [
    6.222403376612488,
    6.222403376612484,
    3.074587184498308,
    3.0745871844983075,
    311.12016883062444,
    311.12016883062427,
    153.72935922491538,
    153.72935922491538
  ],
  "1": [
    65.51939393772318,
    40.62978043127335,
    12.29834873799323,
    2.2199937226133432e-26,
    125625.31492484565,
    124380.83424952342,
    7997.001266880219,
    7382.083829980557
  ],
  "2": [
    0.09354269496859863,
    0.14947000229523325,
    0.23120067348769757,
    3.0745871844983075,
    0.0024765525361207016,
    0.0025013312491153935,
    0.01922097210230633,
    0.020821835802631028
  ]
}