{
  "0": [
    0.007913052312587536,
    6.233348989158288,
    6.233348989158293,
    0.007913052312568402,
    0.010593473340157568,
    4.667782440539057,
    4.667782440539057,
    0.010593473340148317,
    0.013200984730130014,
    3.7255224351340708,
    3.725522435134069,
    0.013200984730124685,
    0.015775232267059767,
    3.095711793139643,
    3.0957117931396407,
    0.01577523226705591,
    0.1371595734181772,
    108.04471581207702,
    108.0447158120771,
    0.1371595734178575,
    0.18362020456272807,
    80.90822896934365,
    80.90822896934364,
    0.1836202045625685,
    0.22881706865558657,
    64.57572220899058,
    64.57572220899054,
    0.22881706865549864,
    0.27343735929570456,
    53.65900441442046,
    53.65900441442044,
    0.2734373592956406,
    0.2664060945237594,
    209.8560826349957,
    209.85608263499586,
    0.2664060945231397,
    0.356646935785302,
    157.1486754981483,
    157.14867549814826,
    0.3566469357849918,
    0.4444331525810427,
    125.42592198284707,
    125.42592198284697,
    0.4444331525808579,
    0.5310994863243442,
    104.2222970357013,
    104.22229703570123,
    0.5310994863242252,
    0.39565261562935666,
    311.66744945791453,
    311.6674494579147,
    0.3956526156284046,
    0.5296736670078893,
    233.38912202695292,
    233.38912202695286,
    0.5296736670074139,
    0.6600492365065099,
    186.2761217567036,
    186.2761217567035,
    0.6600492365062435,
    0.7887616133529856,
    154.78558965698213,
    154.78558965698204,
    0.7887616133528035
  ],
  "1": [
    53.07988568851441,
    41.19895700883104,
    66.13235296546495,
    53.11153789776483,
    12.387301550301698,
    3.0827558942344235,
    21.7538856563907,
    12.429675443662287,
    7.722795400499883,
    0.3124493634105537,
    15.214539103946834,
    7.775599339420393,
    6.138748513103865,
    6.208136795449863e-27,
    12.382847172558561,
    6.201849442172097,
    15025.043614868511,
    14980.464768679827,
    15412.643631928362,
    15025.592253162215,
    2800.7004944051037,
    2642.2053302761797,
    2965.838246153567,
    2801.434975223348,
    1400.7519665139025,
    1276.3535695104517,
    1534.6564583464128,
    1401.6672347885246,
    926.2914756171652,
    825.8671128142577,
    1040.503130471938,
    927.385225054348,
    56674.78512182625,
    56901.60471564264,
    57741.02904618347,
    56675.85074620448,
    10557.897435243363,
    10255.457719368605,
    10884.052421361243,
    10559.324022986479,
    5276.674219837538,
    5042.9159429317815,
    5544.619630863167,
    5278.451952447861,
    3486.907276050239,
    3303.4684512570293,
    3720.3576393998296,
    3489.031673995536,
    125002.30440656177,
    125804.61879789726,
    127051.28859573083,
    125003.88701702458,
    23283.978124065085,
    22842.83992317151,
    23776.396411279424,
    23286.09681873306,
    11635.48955537141,
    11299.999569627402,
    12045.10405665421,
    11638.129752317436,
    7687.986149812324,
    7432.804015328315,
    8051.946373956236,
    7691.141196265735
  ],
  "2": [
    0.00014632154287759757,
    0.14771334248507198,
    0.09285163879724177,
    0.00014623595299617724,
    0.0007913075910297121,
    1.1432920707139984,
    0.20514221223697035,
    0.0007888108230603274,
    0.0015133892432434557,
    2.8386027979417534,
    0.22976431283373497,
    0.0015042829805168134,
    0.002209803614471472,
    3.095711793139643,
    0.23131937122373908,
    0.002190441829383489,
    9.128122939990378e-06,
    0.0072118926607199815,
    0.007009680409910963,
    9.127789661624277e-06,
    6.553884147481541e-05,
    0.03060989172600141,
    0.027270859499751686,
    6.552166461879615e-05,
    0.00016323648842430012,
    0.05055430520598878,
    0.04205089091249312,
    0.0001631299733681999,
    0.00029487746462213127,
    0.06489435071591013,
    0.05152073272223948,
    0.0002945300635085328,
    4.7005276407042575e-06,
    0.0036879872843027487,
    0.0036343731957730113,
    4.700439262514604e-06,
    3.377691070233243e-05,
    0.01532192495674057,
    0.014437107825935106,
    3.377234779999974e-05,
    8.421003913248811e-05,
    0.024866774823757893,
    0.022617115909791423,
    8.418168336105282e-05,
    0.00015226880885599965,
    0.031539806953234745,
    0.0280065253423237,
    0.000152176122148542,
    3.1651372538323694e-06,
    0.0024773730492800836,
    0.0024530644264867435,
    3.1650971819567354e-06,
    2.2747441040559546e-05,
    0.010216720254208054,
    0.009815587795652794,
    2.274537144455566e-05,
    5.6722367460196e-05,
    0.01648315448638188,
    0.015463598926310574,
    5.6709500671630784e-05,
    0.00010258330526089424,
    0.020821855047270306,
    0.01922098850149666,
    0.0001025412291880081
  ]
}