{
  "0": [
    2499.999999999992,
    2499.999999999995,
    311.1201688306281,
    311.12016883062796,
    124999.99999999959,
    124999.99999999972,
    15556.0084415314,
    15556.008441531396
  ],
  "1": [
    120049.99999999932,
    130049.99999999929,
    124380.83424952254,
    125625.31492484504,
    6.309777409137757e-22,
    499999.9999999989,
    101574.45107818238,
    163798.48484430797
  ],
  "2": [
    0.020824482928088944,
    0.019223227810628206,
    0.002501331249115442,
    0.002476552536120742,
    124999.99999999959,
    0.249999500001,
    0.15314732325980987,
    0.09496982518789629
  ]
}