{
  "0": [
    0.46014754786649303,
    874.0786132332594,
    874.0786132332631,
    0.4601475478675324,
    0.22528558099815865,
    466.1304491086459,
    466.13044910864687,
    0.22528558099644178,
    0.3956526156329388,
    311.66744945791504,
    311.66744945791527,
    0.39565261563200094,
    0.5296736670112507,
    233.38912202695394,
    233.38912202695388,
    0.5296736670107726,
    7.975890829685326,
    15150.695962709826,
    15150.695962709891,
    7.975890829703714,
    3.9049500706349694,
    8079.594451216528,
    8079.594451216546,
    3.9049500706048605,
    6.857978670971106,
    5402.23579060386,
    5402.235790603863,
    6.857978670954771,
    9.181010228194904,
    4045.4114484672014,
    4045.4114484672004,
    9.181010228186855,
    15.491634111504974,
    29427.31331218639,
    29427.313312186518,
    15.491634111540721,
    7.584614560270934,
    15693.058453324411,
    15693.058453324444,
    7.584614560212785,
    13.320304726308052,
    10492.804131749803,
    10492.80413174981,
    13.320304726277374,
    17.832346789378658,
    7857.433774907447,
    7857.433774907447,
    17.83234678936341,
    23.007377393323612,
    43703.93066166296,
    43703.930661663144,
    23.007377393377645,
    11.264279049908062,
    23306.522455432296,
    23306.52245543235,
    11.264279049822076,
    19.782630781646873,
    15583.372472895751,
    15583.37247289576,
    19.782630781599554,
    26.483683350562522,
    11669.456101347696,
    11669.456101347692,
    26.483683350539085
  ],
  "1": [
    23355.602160336577,
    25105.249625092838,
    21608.935172159796,
    23357.442750528047,
    23316.285803298153,
    24248.105962631773,
    22383.58416619719,
    23315.384660974167,
    23311.9672462404,
    23934.525136788678,
    22687.85533895702,
    23310.38463577787,
    23310.656389950836,
    23776.39641127936,
    22842.83992317155,
    23308.537695282786,
    38312.79289599514,
    68801.37286936279,
    8198.589018523598,
    38344.69645931396,
    26112.304378594676,
    42266.637434287106,
    9948.259629420958,
    26096.684578312183,
    24718.35230163233,
    35513.40333877534,
    13904.460176359877,
    24690.920386948477,
    24248.627114431325,
    32327.43476221667,
    16145.788968347868,
    24211.903073518555,
    79947.76140943148,
    139479.37024892462,
    21770.117000179613,
    80009.72794587766,
    33877.20670187465,
    65259.29872065289,
    2487.064907355229,
    33846.86824363366,
    28607.63043923449,
    49582.80279403625,
    7611.586267037022,
    28554.349220329324,
    26827.060912240817,
    42530.20733878251,
    11100.472239152707,
    26755.73152508333,
    148260.50770064557,
    237139.24176377823,
    62323.519117127864,
    148352.53721021925,
    46610.99277313809,
    93226.08982172918,
    1.4550343167132448e-22,
    46565.935656938556,
    34979.80165904689,
    66142.72350257148,
    3809.2336109884536,
    34900.6711359204,
    31045.957783379334,
    54384.714140976845,
    7706.889735586053,
    30940.02304997712
  ],
  "2": [
    1.970096269601666e-05,
    0.03481518053415862,
    0.040447997935659875,
    1.9699410306670817e-05,
    9.661741203441988e-06,
    0.019222582879012517,
    0.02082372608076175,
    9.662114614771897e-06,
    1.6971353815835873e-05,
    0.013021124361248507,
    0.013736587624267618,
    1.697250600141361e-05,
    2.2721408472697884e-05,
    0.009815587795652867,
    0.010216720254208079,
    2.272347370998971e-05,
    0.00020817283351027953,
    0.22020600934035986,
    1.8477384571937845,
    0.0002079996340180285,
    0.00014953871842568857,
    0.1911532070790036,
    0.8120799689782319,
    0.00014962821927313699,
    0.0002774335907870144,
    0.15211393921140695,
    0.3884974479153154,
    0.0002777418104174564,
    0.00037860418161775127,
    0.1251347761876554,
    0.25053968664589077,
    0.00037917841575255167,
    0.00019376953236548128,
    0.21097817033084104,
    1.3516675929831135,
    0.0001936194621553732,
    0.0002238788678224588,
    0.24046868863562276,
    6.307334831552244,
    0.00022407953451069555,
    0.0004656044180304521,
    0.2116175755081826,
    1.3783494549262862,
    0.00046647318593443394,
    0.0006646901111381593,
    0.18474513813631072,
    0.7077830404507813,
    0.0006664620741381031,
    0.0001551810564329195,
    0.18429571605648282,
    0.7012317348093672,
    0.00015508479154612833,
    0.00024166053368993753,
    0.24999731837601627,
    23306.52245543235,
    0.0002418943589676311,
    0.000565528228153988,
    0.23559865770619814,
    4.089873237156477,
    0.000566810417316651,
    0.0008530202390631744,
    0.21456840800322155,
    1.5139625113566093,
    0.0008559407782917077
  ]
}