{
  "0": [
    580.8681053153515,
    11751.601574641292,
    0.25966704690295833
  ],
  "1": [
    7.784973588826462,
    10618.525577945671,
    0.018420138172983727
  ],
  "2": [
    7.784973588827487,
    10616.79864196933,
    0.017156069490874584
  ],
  "3": [
    580.8681053153504,
    11568.162832251963,
    0.3744594238992996
  ],
  "4": [
    273.98640454119965,
    11097.150949796825,
    0.35015358120417234
  ],
  "5": [
    7.659254515514461,
    10575.490495844933,
    0.06475417486771713
  ],
  "6": [
    7.659254515513967,
    10574.858761121486,
    0.05143233993237054
  ],
  "7": [
    273.98640454119925,
    11071.9499108816,
    0.5189141910857322
  ],
  "8": [
    183.30768213103877,
    10865.37083474079,
    0.3648464815305624
  ],
  "9": [
    7.687253748001061,
    10570.073938102296,
    0.08900061930368912
  ],
  "10": [
    7.687253748000745,
    10570.270424752782,
    0.06563455509793553
  ],
  "11": [
    183.3076821310387,
    10903.401609316072,
    0.5308346237697767
  ],
  "12": [
    137.10883079400062,
    10752.971029085422,
    0.38115453002320665
  ],
  "13": [
    7.697898847648249,
    10568.185570480571,
    0.10029288000131503
  ],
  "14": [
    7.697898847648002,
    10568.812832394457,
    0.07157787506338865
  ],
  "15": [
    137.10883079400065,
    10818.563622861006,
    0.5445998214455803
  ],
  "16": [
    10068.38049213276,
    45698.848570498325,
    0.9381644175264245
  ],
  "17": [
    134.93954220632563,
    25997.182360382758,
    0.005458734549922456
  ],
  "18": [
    134.93954220634282,
    25969.824488368067,
    0.005342090337543503
  ],
  "19": [
    10068.380492132737,
    42263.63269833484,
    1.8554689444019772
  ],
  "20": [
    4749.097678714126,
    22836.032744459862,
    2.0386939301697855
  ],
  "21": [
    132.7604116022506,
    13573.662318219354,
    0.013087705177058713
  ],
  "22": [
    132.76041160224204,
    13530.140763915075,
    0.013077184184687948
  ],
  "23": [
    4749.097678714121,
    22143.60373251408,
    70.67724315145574
  ],
  "24": [
    3177.3331569380052,
    17499.41366219388,
    1.7729904464551776
  ],
  "25": [
    133.24573163201836,
    12161.942203115552,
    0.018675847380555048
  ],
  "26": [
    133.2457316320129,
    12132.776485959414,
    0.018700102476390538
  ],
  "27": [
    3177.333156938004,
    17903.002750750336,
    9.950526795134467
  ],
  "28": [
    2376.5530670960106,
    15104.146685985663,
    1.4030439725580863
  ],
  "29": [
    133.4302466925695,
    11678.104681930612,
    0.023061850428014796
  ],
  "30": [
    133.43024669256545,
    11662.44088401794,
    0.023224972637312272
  ],
  "31": [
    2376.5530670960106,
    15985.473974013974,
    3.9878926451210437
  ],
  "32": [
    19555.892878950166,
    106323.8733441331,
    0.4653865719289289
  ],
  "33": [
    262.0941108238241,
    68357.71327811167,
    0.003891991319229244
  ],
  "34": [
    262.09411082385805,
    68348.74557255888,
    0.0038993809234573787
  ],
  "35": [
    19555.89287895013,
    99636.88034219552,
    0.6959070080957336
  ],
  "36": [
    9224.208952887053,
    39543.79828710635,
    2.1135744801703003
  ],
  "37": [
    257.8615686889875,
    21545.96395530425,
    0.012809101766565224
  ],
  "38": [
    257.86156868897064,
    21468.56455765825,
    0.012742592407754445
  ],
  "39": [
    9224.20895288704,
    38184.14130212999,
    50.99666327123743
  ],
  "40": [
    6171.358631744972,
    26616.3495718572,
    1.719736651896574
  ],
  "41": [
    258.8042095160358,
    16244.331721403096,
    0.018302112161538462
  ],
  "42": [
    258.8042095160255,
    16185.803800440332,
    0.01828833131385429
  ],
  "43": [
    6171.358631744969,
    27385.496974394824,
    8.710397020659022
  ],
  "44": [
    4615.99730339802,
    21095.785416214916,
    1.3154557066990917
  ],
  "45": [
    259.16259453749115,
    14440.106200625205,
    0.02259270948305753
  ],
  "46": [
    259.16259453748273,
    14407.803161269945,
    0.02276751392075876
  ],
  "47": [
    4615.99730339802,
    22792.847398495956,
    3.4466839164013474
  ],
  "48": [
    29043.40526576758,
    193626.67589554563,
    0.27528094303474465
  ],
  "49": [
    389.24867944132257,
    137700.1183311324,
    0.00285718102176955
  ],
  "50": [
    389.2486794413739,
    137709.54079204198,
    0.002860721409614392
  ],
  "51": [
    29043.405265767517,
    183687.90576383402,
    0.37497591738205416
  ],
  "52": [
    13699.320227059981,
    61220.44757773631,
    1.4946390475776818
  ],
  "53": [
    382.9627257757231,
    34492.39540709963,
    0.011554066449980747
  ],
  "54": [
    382.9627257756978,
    34384.070742822936,
    0.011702145944957228
  ],
  "55": [
    13699.320227059961,
    59193.56261972936,
    3.4619745595365945
  ],
  "56": [
    9165.38410655194,
    38216.17856373077,
    1.7064138416404524
  ],
  "57": [
    384.3626874000527,
    22817.24249296494,
    0.018148496995709733
  ],
  "58": [
    384.3626874000377,
    22729.352368195538,
    0.01822834590260914
  ],
  "59": [
    9165.384106551934,
    39350.88428024956,
    6.657370815473548
  ],
  "60": [
    6855.441539700031,
    29470.132605489816,
    1.2973424626871506
  ],
  "61": [
    384.8949423824121,
    18853.84194494832,
    0.022495824417581252
  ],
  "62": [
    384.89494238240053,
    18804.899664150464,
    0.02267557992960896
  ],
  "63": [
    6855.441539700031,
    31240.683896306953,
    3.345151644681951
  ]
}