{
  "0": [
    0.24145314097840917,
    53.56843362092138,
    0.004503648726526123
  ],
  "1": [
    6.2289180635040085,
    65.95186520312137,
    0.14757736034492855
  ],
  "2": [
    6.22891806350408,
    66.12348820183797,
    0.14495483237684414
  ],
  "3": [
    0.24145314097855117,
    53.57859536295204,
    0.004423953005255419
  ],
  "4": [
    0.22865046082113583,
    12.841664332288738,
    0.01765478749265199
  ],
  "5": [
    4.145644189120609,
    20.709608893976743,
    0.5513782829732343
  ],
  "6": [
    4.14564418912063,
    19.455340230106508,
    0.808585567233581
  ],
  "7": [
    0.22865046082114648,
    12.865789214772377,
    0.016692317611707377
  ],
  "8": [
    0.21691297511570987,
    8.146586953177168,
    0.026085783723227014
  ],
  "9": [
    2.9815338943597802,
    13.72656176282124,
    0.6772376675794459
  ],
  "10": [
    2.981533894359788,
    12.804930131958617,
    1.3391819592598444
  ],
  "11": [
    0.21691297511571703,
    8.183023116339669,
    0.023790647767113777
  ],
  "12": [
    0.20564777870954756,
    6.534633726158133,
    0.030425755414876795
  ],
  "13": [
    2.232419345818573,
    10.656262018339403,
    0.7997563980985088
  ],
  "14": [
    2.232419345818568,
    10.32107265806014,
    1.6861466623645447
  ],
  "15": [
    0.20564777870955145,
    6.581594331205183,
    0.027124608588344416
  ],
  "16": [
    4.185187776959093,
    15033.511965651138,
    0.0002786790782826025
  ],
  "17": [
    107.96791310073613,
    15409.51518162062,
    0.007206692256182386
  ],
  "18": [
    107.96791310073736,
    15412.490023593364,
    0.007105998089882818
  ],
  "19": [
    4.1851877769615475,
    15033.68828685716,
    0.0002783687760670172
  ],
  "20": [
    3.963274654233025,
    2808.5761197078864,
    0.001418423190310187
  ],
  "21": [
    71.8578326114239,
    2947.7374531781384,
    0.02436901682582008
  ],
  "22": [
    71.85783261142427,
    2925.9968047125817,
    0.02700096467581316
  ],
  "23": [
    3.9632746542332122,
    2808.9942839188366,
    0.0014104208954852403
  ],
  "24": [
    3.7598249020056387,
    1408.0976905086484,
    0.0026958141487083104
  ],
  "25": [
    51.679920835569526,
    1508.8648553399946,
    0.03422817655023312
  ],
  "26": [
    51.67992083556965,
    1492.8899042105063,
    0.039657838547906804
  ],
  "27": [
    3.7598249020057666,
    1408.7292502513733,
    0.0026670546144483705
  ],
  "28": [
    3.564561497632148,
    933.1534897251125,
    0.0038715388013626792
  ],
  "29": [
    38.695268660855255,
    1010.5756587052315,
    0.04149096184101966
  ],
  "30": [
    38.695268660855156,
    1004.7657055539655,
    0.0452368852276834
  ],
  "31": [
    3.5645614976322206,
    933.9674731271695,
    0.0038124978676636672
  ],
  "32": [
    8.128922412939776,
    56691.23327545911,
    0.0001434682985404956
  ],
  "33": [
    209.70690813796818,
    57734.95263332992,
    0.00368534638576335
  ],
  "34": [
    209.70690813797066,
    57740.730694277096,
    0.003634206104220635
  ],
  "35": [
    8.128922412944558,
    56691.575756129176,
    0.00014338601315121442
  ],
  "36": [
    7.697898847644914,
    10573.19432306694,
    0.0007300589847476972
  ],
  "37": [
    139.57002103372724,
    10848.895112172779,
    0.012863720763267104
  ],
  "38": [
    139.5700210337279,
    10806.668083905555,
    0.013561527578858222
  ],
  "39": [
    7.69789884764528,
    10574.006526606345,
    0.0007279332479159835
  ],
  "40": [
    7.302736828895566,
    5290.941876274354,
    0.0013873092009437805
  ],
  "41": [
    100.37830777677927,
    5494.524402191457,
    0.01826546484567538
  ],
  "42": [
    100.37830777677952,
    5463.496131563344,
    0.019705160512125952
  ],
  "43": [
    7.302736828895808,
    5292.16855959664,
    0.0013796531787478737
  ],
  "44": [
    6.9234752165547535,
    3500.235419053079,
    0.0019922967227689824
  ],
  "45": [
    75.15811797589194,
    3662.229281020638,
    0.020604090223410598
  ],
  "46": [
    75.15811797589178,
    3650.944564078383,
    0.022360540174520847
  ],
  "47": [
    6.923475216554887,
    3501.8164252521447,
    0.0019765452641602567
  ],
  "48": [
    12.072657048920435,
    125026.73236304485,
    9.659675022032168e-05
  ],
  "49": [
    311.4459031752004,
    127042.26422033105,
    0.0024756033095891753
  ],
  "50": [
    311.44590317520397,
    127050.84550025307,
    0.00245132923452563
  ],
  "51": [
    12.072657048927528,
    125027.24100317902,
    9.655944090759914e-05
  ],
  "52": [
    11.432523041056799,
    23306.696274409453,
    0.0004914429911852917
  ],
  "53": [
    207.2822094560305,
    23724.182585877905,
    0.008736801443180987
  ],
  "54": [
    207.28220945603152,
    23661.469177809035,
    0.00905318496090839
  ],
  "55": [
    11.432523041057332,
    23307.902517277307,
    0.0004904788216683809
  ],
  "56": [
    10.845648755785481,
    11656.679144250294,
    0.0009336723700015504
  ],
  "57": [
    149.07669471798903,
    11970.70520231721,
    0.012452419450583712
  ],
  "58": [
    149.07669471798943,
    11924.623612190466,
    0.013105184466395053
  ],
  "59": [
    10.845648755785854,
    11658.500951152142,
    0.0009301983679425091
  ],
  "60": [
    10.282388935477355,
    7707.780421710057,
    0.00134059848981573
  ],
  "61": [
    111.62096729092865,
    7965.617128964562,
    0.014013554436289639
  ],
  "62": [
    111.6209672909284,
    7948.857648231315,
    0.014845719637429656
  ],
  "63": [
    10.282388935477563,
    7710.128450706135,
    0.0013334480162285416
  ]
}