{
  "0": [
    2375.0000000000023,
    129095.0849718733,
    0.020824017325582533
  ],
  "1": [
    27.161363558914168,
    125084.25489328195,
    0.02944469588519418
  ],
  "2": [
    27.161363558957426,
    125061.21171343705,
    0.02634214955478874
  ],
  "3": [
    2375.000000000005,
    125765.90536512459,
    0.019222831057620002
  ],
  "4": [
    862.6754039336925,
    126438.98774937102,
    0.009219166751663465
  ],
  "5": [
    13.404028145573047,
    125025.66402931056,
    0.00203153702857354
  ],
  "6": [
    13.404028145574067,
    125023.61613357392,
    0.0020151615275271215
  ],
  "7": [
    862.6754039336903,
    124717.38768648116,
    0.008891285767166631
  ],
  "8": [
    464.9484769929224,
    125778.15937204579,
    0.005274248695330609
  ],
  "9": [
    12.223027869439363,
    125019.95287159781,
    0.0001413796690715513
  ],
  "10": [
    12.223027869438997,
    125018.97807164433,
    0.00014129976141754938
  ],
  "11": [
    464.94847699292177,
    124461.38181212377,
    0.00516527687603285
  ],
  "12": [
    311.0688202600692,
    125526.6029828512,
    0.003568827021012536
  ],
  "13": [
    12.072657048906656,
    125018.48221743068,
    0.0001388282551584101
  ],
  "14": [
    12.07265704890623,
    125017.18478238337,
    0.00013875120480774623
  ],
  "15": [
    311.06882026006906,
    124519.79696734407,
    0.003518597951234751
  ],
  "16": [
    41166.66666666671,
    210137.02840138413,
    0.800286850455449
  ],
  "17": [
    470.7969683545123,
    140777.33095672636,
    0.02907021197243714
  ],
  "18": [
    470.7969683552626,
    140377.91583941493,
    0.026042023409609424
  ],
  "19": [
    41166.66666666676,
    216105.55555555611,
    0.5014761465628527
  ],
  "20": [
    14953.04033485067,
    152579.00488260997,
    0.21851502290865782
  ],
  "21": [
    232.33648785659977,
    128084.17736213858,
    0.008504644073171029
  ],
  "22": [
    232.33648785661694,
    128048.68050270308,
    0.008224846504852118
  ],
  "23": [
    14953.04033485063,
    151454.052692721,
    0.16606173258849768
  ],
  "24": [
    8059.106934543987,
    139805.54925434457,
    0.10834356654473801
  ],
  "25": [
    211.86581640361567,
    126667.35084755252,
    0.002355377830406903
  ],
  "26": [
    211.86581640360953,
    126650.45431502572,
    0.002333393734915421
  ],
  "27": [
    8059.106934543976,
    136266.32775794467,
    0.08680211614703977
  ],
  "28": [
    5391.8595511745325,
    134998.23483012323,
    0.06919311085418266
  ],
  "29": [
    209.25938884771483,
    126196.78884092504,
    0.002391606804019529
  ],
  "30": [
    209.2593888477076,
    126174.29996677164,
    0.0023689444691761302
  ],
  "31": [
    5391.859551174531,
    130457.46174089034,
    0.05696574595234791
  ],
  "32": [
    79958.33333333342,
    317856.74960867275,
    5.156421298519039
  ],
  "33": [
    914.4325731501107,
    183452.28115546252,
    0.015174272035197254
  ],
  "34": [
    914.4325731515669,
    182925.08462682532,
    0.014305942954739704
  ],
  "35": [
    79958.3333333335,
    335338.88888888963,
    1.4969051967544402
  ],
  "36": [
    29043.405265767644,
    183687.9057638323,
    0.5964036784601623
  ],
  "37": [
    451.2689475676283,
    136116.82050967705,
    0.005263195621573888
  ],
  "38": [
    451.26894756766046,
    136047.87468654275,
    0.005154675362383416
  ],
  "39": [
    29043.40526576757,
    187392.3255488556,
    0.402434415355117
  ],
  "40": [
    15653.265392095054,
    156315.83221885355,
    0.24790301077635668
  ],
  "41": [
    411.5086049377928,
    130805.27007678154,
    0.004399191354102965
  ],
  "42": [
    411.5086049377801,
    130772.45181168139,
    0.004323118452821026
  ],
  "43": [
    15653.265392095032,
    155330.99815853825,
    0.1899495618984276
  ],
  "44": [
    10472.650282088995,
    146110.32975072434,
    0.14890185210470774
  ],
  "45": [
    406.4461206465246,
    129026.82969004795,
    0.004531574854889188
  ],
  "46": [
    406.44612064650937,
    128983.14937678844,
    0.004450896570958333
  ],
  "47": [
    10472.650282088991,
    143180.17432740636,
    0.11962846405663233
  ],
  "48": [
    118750.00000000013,
    452254.2485937392,
    18.996960486322426
  ],
  "49": [
    1358.0681779457086,
    253109.10548949052,
    0.010201599281002116
  ],
  "50": [
    1358.0681779478723,
    252745.17707165852,
    0.009801630071830669
  ],
  "51": [
    118750.00000000026,
    481250.0000000011,
    2.1179896290000046
  ],
  "52": [
    43133.77019668462,
    219765.69039303815,
    1.2547634071463458
  ],
  "53": [
    670.2014072786546,
    149123.59347192605,
    0.005835277497000216
  ],
  "54": [
    670.2014072787033,
    149021.19868509294,
    0.00570218223429825
  ],
  "55": [
    43133.770196684505,
    228299.4821529736,
    0.7083411649640916
  ],
  "56": [
    23247.42384964612,
    175309.00826557277,
    0.4271197085163188
  ],
  "57": [
    611.151393471968,
    137433.71055928487,
    0.006130489632772879
  ],
  "58": [
    611.1513934719499,
    137384.97056161135,
    0.005983756211103625
  ],
  "59": [
    23247.423849646086,
    176878.5616413421,
    0.30990930950259804
  ],
  "60": [
    15553.44101300346,
    158862.88774465438,
    0.2415653140250055
  ],
  "61": [
    603.6328524453324,
    133508.60476479938,
    0.0064528639859504
  ],
  "62": [
    603.6328524453129,
    133443.73301243378,
    0.006290497097259623
  ],
  "63": [
    15553.441013003454,
    157543.34998725148,
    0.1887750863697431
  ]
}