{
  "0": [
    107.83719102349,
    1189.4168931902486,
    0.3208529665620219
  ],
  "1": [
    3.557365116141165,
    981.1262423824478,
    0.009009383407596817
  ],
  "2": [
    3.5573651161410336,
    981.1852137105742,
    0.008696000979836022
  ],
  "3": [
    107.83719102348996,
    1155.2324823742506,
    0.48154309125300054
  ],
  "4": [
    70.59068516126656,
    1074.2366581696444,
    0.8975512784925489
  ],
  "5": [
    3.562291258478101,
    939.4925814215751,
    0.020474110500171682
  ],
  "6": [
    3.562291258477987,
    938.5241148583319,
    0.019559420255988003
  ],
  "7": [
    70.59068516126658,
    1066.9034246964334,
    2.22413254464455
  ],
  "8": [
    52.57507190938285,
    1026.8454910271437,
    1.170153521924978
  ],
  "9": [
    3.5645544046423403,
    934.4766040673621,
    0.027889212684788653
  ],
  "10": [
    3.5645544046422373,
    933.4445266277478,
    0.027183686145503257
  ],
  "11": [
    52.575071909383205,
    1033.5462679381874,
    3.65272353808345
  ],
  "12": [
    42.977216448340464,
    998.2636124733025,
    1.1545072212964904
  ],
  "13": [
    3.564561497633274,
    932.5599875098294,
    0.03265120146389127
  ],
  "14": [
    3.5645614976331763,
    931.9233597709452,
    0.03210801797418043
  ],
  "15": [
    42.9772164483407,
    1012.7716586237801,
    3.2115078558237333
  ],
  "16": [
    1869.1779777404936,
    19684.320688846467,
    0.12287279641999874
  ],
  "17": [
    61.66099534644688,
    16235.324064755387,
    0.0038172927094539556
  ],
  "18": [
    61.66099534644454,
    16236.337975902838,
    0.003876483396687736
  ],
  "19": [
    1869.1779777404927,
    19091.78882051344,
    0.15310327423436193
  ],
  "20": [
    1223.5718761286203,
    6168.8582864216,
    0.8269983290938521
  ],
  "21": [
    61.746381813620395,
    3836.076059741036,
    0.016657143552596752
  ],
  "22": [
    61.746381813618456,
    3819.291162935102,
    0.017572924598991176
  ],
  "23": [
    1223.5718761286205,
    6041.746825363522,
    0.9592347939322147
  ],
  "24": [
    911.3012464293029,
    4028.314301323618,
    1.8216769551164256
  ],
  "25": [
    61.785609680467324,
    2431.299338036562,
    0.028535883344754313
  ],
  "26": [
    61.78560968046538,
    2413.4097718511084,
    0.02921129544496208
  ],
  "27": [
    911.301246429309,
    4144.459020259293,
    2.3281862836912426
  ],
  "28": [
    744.9384184379012,
    3085.8913948751638,
    2.077303083002964
  ],
  "29": [
    61.78573262564341,
    1953.0073166422535,
    0.0374978673449868
  ],
  "30": [
    61.78573262564169,
    1941.9722119361202,
    0.03760985007566192
  ],
  "31": [
    744.9384184379054,
    3337.3621139610277,
    6.106499984549194
  ],
  "32": [
    3630.518764457496,
    64857.00226228044,
    0.05933712398565211
  ],
  "33": [
    119.7646255767526,
    58471.39602242014,
    0.0020509734595315476
  ],
  "34": [
    119.7646255767481,
    58473.36487338732,
    0.002067938608338007
  ],
  "35": [
    3630.518764457495,
    63706.12293643046,
    0.07212579495578447
  ],
  "36": [
    2376.553067095974,
    16232.363662657011,
    0.3230706630444387
  ],
  "37": [
    119.93047236876293,
    11706.789352770977,
    0.010300818864061487
  ],
  "38": [
    119.93047236875907,
    11674.188025722373,
    0.01074348566320226
  ],
  "39": [
    2376.5530670959743,
    15985.473974014052,
    0.3532777735787491
  ],
  "40": [
    1770.0274209492225,
    9512.676193830326,
    0.6656352514726585
  ],
  "41": [
    120.00666495629231,
    6418.64332528005,
    0.018848302575629666
  ],
  "42": [
    120.00666495628862,
    6383.896270348757,
    0.020385208918697176
  ],
  "43": [
    1770.0274209492345,
    9738.26485479063,
    0.5744819634204578
  ],
  "44": [
    1446.8996204274622,
    6813.982250606037,
    0.9545343975072496
  ],
  "45": [
    120.00690375365376,
    4625.188871403188,
    0.027014093561618317
  ],
  "46": [
    120.00690375365038,
    4603.7552897298065,
    0.029233664144002507
  ],
  "47": [
    1446.89962042747,
    7302.415642627288,
    0.8041625182777099
  ],
  "48": [
    5391.8595511745,
    136707.46161349217,
    0.039440569278137216
  ],
  "49": [
    177.8682558070585,
    127689.34211537671,
    0.0013937674277318206
  ],
  "50": [
    177.86825580705158,
    127692.26590616402,
    0.0014015813414156731
  ],
  "51": [
    5391.859551174498,
    134998.23483012526,
    0.04682831011525184
  ],
  "52": [
    3529.534258063328,
    31264.75278687589,
    0.19105549792700027
  ],
  "53": [
    178.11456292390554,
    24551.6324605114,
    0.007270266786608639
  ],
  "54": [
    178.11456292389974,
    24503.21470322015,
    0.007488026590686408
  ],
  "55": [
    3529.5342580633287,
    30898.084870648043,
    0.20583236226948148
  ],
  "56": [
    2628.7535954691434,
    17479.931168547275,
    0.36005640570440217
  ],
  "57": [
    178.22772023211718,
    12896.508565797827,
    0.013856704851216461
  ],
  "58": [
    178.2277202321116,
    12844.904022120694,
    0.014669805512036156
  ],
  "59": [
    2628.753595469161,
    17814.963771532206,
    0.3223210115182889
  ],
  "60": [
    2148.860822417023,
    12182.536179665922,
    0.49817232520066057
  ],
  "61": [
    178.22807488166399,
    8949.104651792644,
    0.01995382648918036
  ],
  "62": [
    178.22807488165915,
    8917.272593152009,
    0.021684588559610776
  ],
  "63": [
    2148.8608224170353,
    12907.932244622561,
    0.39427846079550377
  ]
}