{
  "0": [
    4.23731632807837,
    1460.6408291787534,
    0.006332222447851665
  ],
  "1": [
    160.68798137197908,
    1770.3666263841665,
    0.7177358084406824
  ],
  "2": [
    160.68798137198084,
    1774.2407361382545,
    0.6465603652407116
  ],
  "3": [
    4.237316328081003,
    1460.728373362172,
    0.006187487080375308
  ],
  "4": [
    3.9577940088698984,
    1419.2581305242988,
    0.01406922810525215
  ],
  "5": [
    95.7073517798305,
    1603.1312854573146,
    3.963525111935007
  ],
  "6": [
    95.70735177983133,
    1573.6888073743328,
    2.9165664463661076
  ],
  "7": [
    3.957794008870125,
    1419.6253671689797,
    0.013721890767952535
  ],
  "8": [
    3.7574377780232053,
    1413.9801670114084,
    0.01835155081219787
  ],
  "9": [
    64.58763303001129,
    1536.2370214160421,
    2.8854509337562515
  ],
  "10": [
    64.58763303001155,
    1515.1995458270894,
    3.4691007550401247
  ],
  "11": [
    3.757437778023384,
    1414.5653635802646,
    0.018495841615427052
  ],
  "12": [
    3.564554404641011,
    1411.8286641315676,
    0.021533373181888506
  ],
  "13": [
    51.67992083556963,
    1498.3921183235507,
    2.270872807399059
  ],
  "14": [
    51.67992083556939,
    1492.8899042948951,
    2.3990460538651255
  ],
  "15": [
    3.564554404641132,
    1412.6006984411777,
    0.022357823899322928
  ],
  "16": [
    73.4468163533584,
    16568.760574308544,
    0.004511964522147081
  ],
  "17": [
    2785.2583437809703,
    22097.499439520736,
    0.2526028088235109
  ],
  "18": [
    2785.2583437810013,
    22166.270006273357,
    0.24792902602657635
  ],
  "19": [
    73.44681635340409,
    16571.02172245395,
    0.004435877753614179
  ],
  "20": [
    68.60176282041175,
    4331.230538832397,
    0.016879667627541433
  ],
  "21": [
    1658.9274308503952,
    7521.174911038,
    1.0177433897121313
  ],
  "22": [
    1658.9274308504093,
    7011.236135458523,
    1.9682265516206041
  ],
  "23": [
    68.60176282041557,
    4337.572551109311,
    0.01607453606666596
  ],
  "24": [
    65.1289214857357,
    2920.6487499809955,
    0.024381412134037668
  ],
  "25": [
    1119.5189725201956,
    5043.841220091161,
    2.6225155925560144
  ],
  "26": [
    1119.5189725202,
    4678.941265959136,
    10.954701265479924
  ],
  "27": [
    65.1289214857388,
    2930.768734276948,
    0.022402593703800034
  ],
  "28": [
    61.78560968044418,
    2436.352355215219,
    0.028038888683458857
  ],
  "29": [
    895.7852944832068,
    3942.792232090899,
    3.587655494598587
  ],
  "30": [
    895.7852944832027,
    3847.170145004029,
    11.582018289435316
  ],
  "31": [
    61.78560968044626,
    2449.710860350906,
    0.025211301210620766
  ],
  "32": [
    142.65631637863842,
    58354.86748988356,
    0.002468537323584477
  ],
  "33": [
    5409.828706189962,
    69406.50638794914,
    0.11293567443466421
  ],
  "34": [
    5409.82870619002,
    69540.17341170067,
    0.11122858551088782
  ],
  "35": [
    142.65631637872698,
    58359.440722504645,
    0.002444400943732363
  ],
  "36": [
    133.2457316319534,
    12212.086695123957,
    0.01139590651807506
  ],
  "37": [
    3222.14750992096,
    18413.34835132916,
    0.41849011394076513
  ],
  "38": [
    3222.147509920989,
    17422.913278253214,
    0.5831140864649189
  ],
  "39": [
    133.24573163196106,
    12224.403483033087,
    0.010899086628665051
  ],
  "40": [
    126.50040519344809,
    6910.210415160818,
    0.019689197114598198
  ],
  "41": [
    2174.45031201038,
    11041.966672040568,
    0.6466477698804622
  ],
  "42": [
    2174.450312010388,
    10333.204239365474,
    1.1562563217938815
  ],
  "43": [
    126.50040519345386,
    6929.865187183867,
    0.018251748054105954
  ],
  "44": [
    120.0066649562474,
    5101.339119627883,
    0.025817559938245114
  ],
  "45": [
    1739.8906681308442,
    8038.9265714867615,
    0.9002293364380424
  ],
  "46": [
    1739.8906681308358,
    7853.184611341674,
    1.797667821032008
  ],
  "47": [
    120.00666495625147,
    5127.284095589647,
    0.023400939323829167
  ],
  "48": [
    211.86581640391856,
    126818.75218323636,
    0.001681752699927868
  ],
  "49": [
    8034.399068598953,
    143697.38747166932,
    0.07189017055212944
  ],
  "50": [
    8034.399068599044,
    143895.9509524202,
    0.07087532381648873
  ],
  "51": [
    211.86581640405,
    126825.63750033319,
    0.0016705151266309761
  ],
  "52": [
    197.8897004434953,
    25061.826599398977,
    0.00814710952557983
  ],
  "53": [
    4785.367588991527,
    34279.6516063308,
    0.2438229067364094
  ],
  "54": [
    4785.367588991567,
    32808.7202357584,
    0.3160915712582726
  ],
  "55": [
    197.88970044350572,
    25080.118162940315,
    0.007889987167155338
  ],
  "56": [
    187.87188890116016,
    13382.665162550875,
    0.014838199258238571
  ],
  "57": [
    3229.3816515005647,
    19530.613377264268,
    0.3525700046895237
  ],
  "58": [
    3229.381651500577,
    18477.988466046096,
    0.525143972745573
  ],
  "59": [
    187.8718889011696,
    13411.854722301021,
    0.014006853335166783
  ],
  "60": [
    178.22772023205036,
    9406.788957369557,
    0.020407576188657937
  ],
  "61": [
    2583.996041778482,
    13845.095508424276,
    0.45766162483969336
  ],
  "62": [
    2583.9960417784696,
    13510.933303307836,
    0.7361578566946072
  ],
  "63": [
    178.22772023205627,
    9445.320404157399,
    0.01886742272193275
  ]
}