{
  "0": [
    6.221376405201276,
    65.51733957086454,
    0.12006425197017892
  ],
  "1": [
    6.221376405201273,
    63.54515509786241,
    0.14943796164887363
  ],
  "2": [
    2.479454795096634,
    10.271088222587391,
    1.1320342723363725
  ],
  "3": [
    2.4794547950966215,
    11.108083959189859,
    1.5447441350271922
  ],
  "4": [
    311.0688202600637,
    125625.21222728047,
    0.002476145819769557
  ],
  "5": [
    311.0688202600636,
    125526.60298285287,
    0.0025009163540724694
  ],
  "6": [
    123.97273975483168,
    7895.638261887704,
    0.01665718815714544
  ],
  "7": [
    123.97273975483105,
    7937.488027940051,
    0.01561666898261993
  ]
}