{
  "0": [
    12.072657048920432,
    7812.887581102133,
    0.007367178558794065
  ],
  "1": [
    311.4459031752004,
    8404.15930087808,
    0.4786583863094292
  ],
  "2": [
    311.44590317520397,
    8412.73395159711,
    0.43702219121843466
  ],
  "3": [
    12.072657048927555,
    7813.380065995018,
    0.007156291839589372
  ],
  "4": [
    11.432523041056806,
    7770.2504890672635,
    0.015539329783505742
  ],
  "5": [
    207.2822094560305,
    8163.16586180077,
    1.8833813621947353
  ],
  "6": [
    207.28220945603155,
    8100.4511723799005,
    2.085730240369333
  ],
  "7": [
    11.432523041057335,
    7771.456796005267,
    0.016569228614287845
  ],
  "8": [
    10.845648755785499,
    7763.801885335757,
    0.022463238193394585
  ],
  "9": [
    149.07669471798903,
    8042.100005783051,
    4.001400123684823
  ],
  "10": [
    149.07669471798943,
    7996.018853420223,
    2.4197744172237297
  ],
  "11": [
    10.845648755785861,
    7765.623756307701,
    0.02177397373949331
  ],
  "12": [
    10.282388935477368,
    7760.570245208592,
    0.026463425852460566
  ],
  "13": [
    111.62096729092865,
    7965.61648028153,
    2.987596740678421
  ],
  "14": [
    111.6209672909284,
    7948.857648231255,
    2.6360507911144455
  ],
  "15": [
    10.282388935477577,
    7762.918338274763,
    0.024588844215094347
  ],
  "16": [
    209.25938884795445,
    23171.175293724813,
    0.009365381333214106
  ],
  "17": [
    5398.395655036806,
    33580.786401228055,
    0.4447905263261596
  ],
  "18": [
    5398.395655036868,
    33729.5220006375,
    0.43335175318125685
  ],
  "19": [
    209.25938884807766,
    23179.963702405556,
    0.009164460041801728
  ],
  "20": [
    198.16373271165133,
    10912.670188301998,
    0.01953906792035199
  ],
  "21": [
    3592.8916305711946,
    17725.98817147065,
    1.8158633819483088
  ],
  "22": [
    3592.891630571213,
    16638.954491964865,
    2.3610558034258515
  ],
  "23": [
    198.16373271166077,
    10933.578461663712,
    0.018470209294341795
  ],
  "24": [
    187.99124510028201,
    9481.797302327912,
    0.023391095095016745
  ],
  "25": [
    2583.996041778476,
    14309.680219598778,
    6.057795071762898
  ],
  "26": [
    2583.996041778483,
    13510.933092304707,
    10.772914893768329
  ],
  "27": [
    187.99124510028793,
    9513.375352277963,
    0.024827452286336957
  ],
  "28": [
    178.22807488160768,
    8978.778528608493,
    0.030045475332863607
  ],
  "29": [
    1934.7634330427634,
    12538.895109842008,
    47.52423613787938
  ],
  "30": [
    1934.7634330427588,
    12248.398088242444,
    11.842404309001502
  ],
  "31": [
    178.22807488161166,
    9019.47776152515,
    0.030754307943345435
  ],
  "32": [
    406.4461206469889,
    65207.24078412526,
    0.006390707221954669
  ],
  "33": [
    10485.345406898412,
    85739.2876368698,
    0.2378287144897482
  ],
  "34": [
    10485.345406898534,
    86028.18418497012,
    0.23302523474233636
  ],
  "35": [
    406.44612064722793,
    65224.337166003905,
    0.0062543921227915696
  ],
  "36": [
    384.89494238224535,
    19023.973635520193,
    0.021961363243968603
  ],
  "37": [
    6978.50105168636,
    32262.94029585101,
    0.916663521643189
  ],
  "38": [
    6978.501051686395,
    30151.587626260323,
    1.6042766856193833
  ],
  "39": [
    384.894942382264,
    19064.583875305605,
    0.020754702643658095
  ],
  "40": [
    365.1368414447782,
    13682.6858015303,
    0.02972344449873137
  ],
  "41": [
    5018.915388838963,
    23067.7816866888,
    2.293536993906768
  ],
  "42": [
    5018.9153888389765,
    21516.36858446347,
    8.983157826001031
  ],
  "43": [
    365.1368414447905,
    13744.020030458452,
    0.027091770135711745
  ],
  "44": [
    346.17376082773774,
    11837.449885337408,
    0.032866245389360116
  ],
  "45": [
    3757.9058987945978,
    18763.907965030994,
    3.9178469682596453
  ],
  "46": [
    3757.9058987945887,
    18199.67275388214,
    16.57179257723843
  ],
  "47": [
    346.17376082774524,
    11916.50025810455,
    0.02942369584864849
  ],
  "48": [
    603.632852446023,
    133921.08405230346,
    0.00458921373186387
  ],
  "49": [
    15572.295158760018,
    164879.66300780344,
    0.1511571884449264
  ],
  "50": [
    15572.295158760197,
    165308.7205045949,
    0.14845646108190672
  ],
  "51": [
    603.6328524463783,
    133946.48840738006,
    0.004506488771260306
  ],
  "52": [
    571.6261520528401,
    32104.16083072185,
    0.019131388468665952
  ],
  "53": [
    10364.110472801525,
    51774.02223494187,
    0.6537916011837694
  ],
  "54": [
    10364.110472801576,
    48638.3505752663,
    1.0044124412030633
  ],
  "55": [
    571.6261520528672,
    32164.473036930944,
    0.0180856076642946
  ],
  "56": [
    542.282437789275,
    20366.467382942923,
    0.02965004901259919
  ],
  "57": [
    7453.83473589945,
    34316.404407053094,
    1.0114381000304813
  ],
  "58": [
    7453.83473589947,
    32012.325329896532,
    2.675782549574696
  ],
  "59": [
    542.2824377892931,
    20457.557790849176,
    0.02702520447203785
  ],
  "60": [
    514.1194467738685,
    16336.584315395334,
    0.03570643884163912
  ],
  "61": [
    5581.048364546434,
    26640.6550458485,
    1.6362938912699534
  ],
  "62": [
    5581.048364546421,
    25802.681645150355,
    6.882175879678098
  ],
  "63": [
    514.1194467738791,
    16453.98582801296,
    0.03137376441036439
  ]
}