{
  "0": [
    2374.9999999999936,
    129095.08497187404,
    0.020824017325582474
  ],
  "1": [
    2374.9999999999955,
    125765.90536512418,
    0.019222831057619988
  ],
  "2": [
    311.0688202600674,
    125526.60298285201,
    0.016962602579544656
  ],
  "3": [
    311.0688202600673,
    124519.79696734488,
    0.015884811594997134
  ],
  "4": [
    118749.99999999967,
    452254.2485937361,
    18.99696048632248
  ],
  "5": [
    118749.9999999998,
    481249.9999999992,
    2.1179896289997595
  ],
  "6": [
    15553.441013003372,
    158862.88774465618,
    2.8102543384206817
  ],
  "7": [
    15553.441013003365,
    157543.34998725195,
    1.2499433882425908
  ]
}