{
  "0": [
    6.221376405201392,
    63.545155097862796,
    0.14943796164887718
  ],
  "1": [
    6.221376405201388,
    65.517339570865,
    0.12006425197018594
  ],
  "2": [
    2.479454795096615,
    11.108083959189987,
    1.5447441350273063
  ],
  "3": [
    2.4794547950966135,
    10.27108822258763,
    1.1320342723362686
  ],
  "4": [
    311.06882026006946,
    125526.60298285261,
    0.0025009163540725228
  ],
  "5": [
    311.0688202600693,
    125625.21222728078,
    0.002476145819769595
  ],
  "6": [
    123.97273975483071,
    7937.488027940051,
    0.015616668982619887
  ],
  "7": [
    123.97273975483066,
    7895.638261887709,
    0.0166571881571453
  ]
}