{
  "0": [
    311.06882026006656,
    8259.996356914058,
    0.043718120253552525
  ],
  "1": [
    311.0688202600664,
    8358.604541675371,
    0.037210949239199806
  ],
  "2": [
    123.97273975483324,
    7937.488027939993,
    0.01561666898262032
  ],
  "3": [
    123.97273975483397,
    7895.637202221088,
    0.016657188157145897
  ],
  "4": [
    15553.44101300333,
    158862.88774465726,
    0.15311430852775543
  ],
  "5": [
    15553.441013003323,
    163793.34892716206,
    0.12288124204592767
  ],
  "6": [
    6198.636987741662,
    27770.20989797504,
    1.0164216273650712
  ],
  "7": [
    6198.636987741699,
    25677.720556468776,
    2.0824121442381482
  ]
}