{
  "0": [
    47.50000000000023,
    192.50000000000088,
    2.012650253336999
  ],
  "1": [
    0.5432272711782906,
    101.09807082866165,
    0.00840886389300058
  ],
  "2": [
    0.5432272711790014,
    101.24364219579705,
    0.008135231669609356
  ],
  "3": [
    47.50000000000014,
    180.9016994375005,
    13.571428571428585
  ],
  "4": [
    17.25350807867389,
    91.31979286119059,
    1.0168573136336125
  ],
  "5": [
    0.425315252256575,
    59.608479474038525,
    0.039667609214358156
  ],
  "6": [
    0.42531525225657435,
    59.649437388771105,
    0.03423545466642368
  ],
  "7": [
    17.253508078673846,
    87.90627615721739,
    2.2430619346583627
  ],
  "8": [
    9.298969539858483,
    70.75142465653792,
    0.9339301927465656
  ],
  "9": [
    0.41412340010476667,
    54.95398822464552,
    0.06800574371584452
  ],
  "10": [
    0.414123400104766,
    54.97348422371454,
    0.053462669354025306
  ],
  "11": [
    9.298969539858469,
    70.12360330623052,
    1.8164782108252189
  ],
  "12": [
    6.22137640520142,
    63.01733999490165,
    0.8721043340956358
  ],
  "13": [
    0.4032260531556835,
    53.37749320497439,
    0.08883079642385676
  ],
  "14": [
    0.4032260531556828,
    53.40344190592034,
    0.0655421506555847
  ],
  "15": [
    6.221376405201417,
    63.54515509786302,
    1.5444771698678958
  ],
  "16": [
    823.3333333333374,
    16716.388888888883,
    0.051287532149084686
  ],
  "17": [
    9.415939367090395,
    15258.255728724109,
    0.0006186810149005551
  ],
  "18": [
    9.415939367102697,
    15256.040367245276,
    0.0006171537297179469
  ],
  "19": [
    823.3333333333358,
    16474.518345805576,
    0.061332682208142225
  ],
  "20": [
    299.060806697014,
    3443.5936364151185,
    0.10530103247400142
  ],
  "21": [
    7.372131039113967,
    2858.6828964077877,
    0.002643826899833891
  ],
  "22": [
    7.372131039113954,
    2857.7282843163784,
    0.0026161602009793787
  ],
  "23": [
    299.0608066970133,
    3343.5926802129115,
    0.13301343305584637
  ],
  "24": [
    161.18213869088032,
    1767.9781662398354,
    0.11356332665441547
  ],
  "25": [
    7.178138935149289,
    1460.382613621042,
    0.0051630031797881785
  ],
  "26": [
    7.178138935149277,
    1459.3650947911935,
    0.005058534265790791
  ],
  "27": [
    161.1821386908801,
    1716.2625961678418,
    0.1433686407765113
  ],
  "28": [
    107.83719102349124,
    1186.9170205896,
    0.11622939277599247
  ],
  "29": [
    6.989251588031846,
    988.0931316189037,
    0.007610571766763685
  ],
  "30": [
    6.989251588031834,
    987.0179947678456,
    0.007385733157774056
  ],
  "31": [
    107.83719102349121,
    1155.2324823742663,
    0.14447707994897785
  ],
  "32": [
    1599.1666666666742,
    59918.05555555552,
    0.026688782922887778
  ],
  "33": [
    18.288651463002502,
    57397.84181595961,
    0.00031902672101947235
  ],
  "34": [
    18.288651463026376,
    57398.54847204639,
    0.0003186201276815437
  ],
  "35": [
    1599.1666666666713,
    59445.91276995147,
    0.029878462076618043
  ],
  "36": [
    580.8681053153543,
    11764.751227952507,
    0.04990984398310626
  ],
  "37": [
    14.318946825971357,
    10632.05104899926,
    0.001358498865387646
  ],
  "38": [
    14.318946825971336,
    10631.049223905622,
    0.001351156686087595
  ],
  "39": [
    580.8681053153528,
    11568.16283225205,
    0.061517787941586036
  ],
  "40": [
    313.06530784190215,
    5948.097990033366,
    0.054200448784244196
  ],
  "41": [
    13.942154470193811,
    5356.484258636999,
    0.002648063525734578
  ],
  "42": [
    13.942154470193788,
    5355.360249301373,
    0.0026203085517265846
  ],
  "43": [
    313.0653078419017,
    5845.294671239687,
    0.06665450044953976
  ],
  "44": [
    209.4530056417811,
    3951.2797745133103,
    0.05546000442009908
  ],
  "45": [
    13.575277122908007,
    3574.6885831949317,
    0.003896556084119955
  ],
  "46": [
    13.575277122907986,
    3573.4526619334933,
    0.0038367555513720343
  ],
  "47": [
    209.45300564178098,
    3887.3828829796807,
    0.06732510297106589
  ],
  "48": [
    2375.0000000000114,
    129797.49999999991,
    0.018297592036888046
  ],
  "49": [
    27.161363558914587,
    126521.10717256827,
    0.00021485822306616
  ],
  "50": [
    27.16136355895007,
    126522.93071213974,
    0.00021467372540571875
  ],
  "51": [
    2375.0000000000073,
    129095.08497187517,
    0.019742557055989925
  ],
  "52": [
    862.6754039336944,
    25054.792567473356,
    0.03443017823565448
  ],
  "53": [
    21.265762612828752,
    23379.54901630122,
    0.0009140179832496858
  ],
  "54": [
    21.26576261282872,
    23378.499978205375,
    0.0009106884408015593
  ],
  "55": [
    862.6754039336922,
    24761.616732274644,
    0.039929265091303595
  ],
  "56": [
    464.9484769929241,
    12611.110896037135,
    0.036865238565180716
  ],
  "57": [
    20.706170005238334,
    11743.107156927246,
    0.0017803651765076008
  ],
  "58": [
    20.7061700052383,
    11741.876657085839,
    0.0017677760289801538
  ],
  "59": [
    464.9484769929234,
    12457.219828521766,
    0.043241701068615634
  ],
  "60": [
    311.06882026007094,
    8356.105601766032,
    0.03722472790159446
  ],
  "61": [
    20.161302657784173,
    7813.018260399475,
    0.0026179406654559486
  ],
  "62": [
    20.16130265778414,
    7811.621554727655,
    0.0025908103147382045
  ],
  "63": [
    311.06882026007077,
    8259.99635691411,
    0.04373714052211214
  ]
}