{
  "0": [
    0.2680805629117737,
    59.81002035745279,
    0.0044944667192616805
  ],
  "1": [
    17.00881513966812,
    93.90012943475296,
    0.6216845411881539
  ],
  "2": [
    17.008815139668492,
    93.56070294408242,
    0.6331248150930872
  ],
  "3": [
    0.2680805629119028,
    59.80082329303731,
    0.004415092769209164
  ],
  "4": [
    0.2275026093716029,
    19.06328349923844,
    0.011866304484697434
  ],
  "5": [
    8.229506669202516,
    35.09417828198664,
    3.016964365096708
  ],
  "6": [
    8.229506669202612,
    32.576206006542414,
    5.563447542240042
  ],
  "7": [
    0.22750260937160716,
    19.08216379533981,
    0.01138693258841197
  ],
  "8": [
    0.21647548706508293,
    14.369055584019895,
    0.014893479947462965
  ],
  "9": [
    5.52157798729792,
    23.906205626990975,
    2.8163775934399
  ],
  "10": [
    5.521577987297884,
    22.437390346912768,
    2.5409204560950713
  ],
  "11": [
    0.2164754870650952,
    14.400818423704933,
    0.014056102806322046
  ],
  "12": [
    0.20551680337364783,
    12.757208734440825,
    0.016025257827213184
  ],
  "13": [
    4.145644189120614,
    19.106690163210292,
    1.5612875555259387
  ],
  "14": [
    4.145644189120591,
    18.8247350697618,
    1.4344210679157894
  ],
  "15": [
    0.20551680337365716,
    12.800002663999901,
    0.01604445116372583
  ],
  "16": [
    4.6467297571374155,
    15040.576511323592,
    0.0003093054117006793
  ],
  "17": [
    294.8194624209141,
    15792.40996931408,
    0.01999026752583216
  ],
  "18": [
    294.8194624209204,
    15787.214136604138,
    0.020173586772552855
  ],
  "19": [
    4.646729757139639,
    15040.698644064112,
    0.00030892320522412357
  ],
  "20": [
    3.9433785624411097,
    2814.860417613605,
    0.0014081484996553058
  ],
  "21": [
    142.64478226617697,
    3095.5281969154894,
    0.04711280432423268
  ],
  "22": [
    142.64478226617862,
    3052.0535426387355,
    0.05650972055795474
  ],
  "23": [
    3.9433785624411986,
    2815.173162018719,
    0.0014002613957213002
  ],
  "24": [
    3.7522417757947695,
    1414.3967124551798,
    0.0026784053566182293
  ],
  "25": [
    95.70735177983059,
    1601.4396199487755,
    0.0649207652494427
  ],
  "26": [
    95.70735177982998,
    1570.641411162081,
    0.07847372117177684
  ],
  "27": [
    3.7522417757949764,
    1414.932754282418,
    0.0026500141086831337
  ],
  "28": [
    3.5622912584765616,
    939.4543555472698,
    0.003843096986176409
  ],
  "29": [
    71.85783261142397,
    1081.4206893266285,
    0.07479918221554353
  ],
  "30": [
    71.8578326114236,
    1058.299973250164,
    0.09038842068600063
  ],
  "31": [
    3.5622912584767303,
    940.181602932325,
    0.0037849138225589333
  ],
  "32": [
    9.025378951363056,
    56699.18428965265,
    0.00015927789247200481
  ],
  "33": [
    572.63010970216,
    58472.79394448521,
    0.010101304396981585
  ],
  "34": [
    572.6301097021724,
    58462.7417055564,
    0.01019218130186571
  ],
  "35": [
    9.025378951367388,
    56699.45594245262,
    0.0001591764792954677
  ],
  "36": [
    7.6592545155106055,
    10579.54129971143,
    0.0007259605335938278
  ],
  "37": [
    277.0600578631514,
    11130.09203025947,
    0.024894439963601054
  ],
  "38": [
    277.0600578631546,
    11045.66069398143,
    0.027647517857372534
  ],
  "39": [
    7.659254515510802,
    10580.147908225543,
    0.0007238585626004408
  ],
  "40": [
    7.288008064524446,
    5297.317451536573,
    0.0013828697443594431
  ],
  "41": [
    185.89312557236326,
    5670.073940502884,
    0.03277917507735389
  ],
  "42": [
    185.8931255723621,
    5611.554791475998,
    0.03772563598474799
  ],
  "43": [
    7.288008064524855,
    5298.357772351365,
    0.0013752625087041653
  ],
  "44": [
    6.919065713579474,
    3506.614575689111,
    0.0019874662663622424
  ],
  "45": [
    139.57002103372733,
    3795.5729898565683,
    0.03676210661736815
  ],
  "46": [
    139.57002103372662,
    3751.9658939783985,
    0.04309987548906523
  ],
  "47": [
    6.919065713579803,
    3508.0262765296616,
    0.001971790795600022
  ],
  "48": [
    13.404028145588715,
    125035.56984575946,
    0.00010724648902836869
  ],
  "49": [
    850.4407569834059,
    128135.0520549482,
    0.006757623029400434
  ],
  "50": [
    850.4407569834244,
    128120.1434098009,
    0.006818019035641643
  ],
  "51": [
    13.404028145595102,
    125035.99101861895,
    0.00010720050151877969
  ],
  "52": [
    11.375130468580116,
    23313.10592979272,
    0.000488842802549247
  ],
  "53": [
    411.47533346012585,
    24138.785678313936,
    0.0170467238707308
  ],
  "54": [
    411.4753334601306,
    24013.39766003463,
    0.018294144810900952
  ],
  "55": [
    11.375130468580377,
    23314.006402415816,
    0.00048788879883823353
  ],
  "56": [
    10.82377435325412,
    11663.131272828208,
    0.0009312871917201094
  ],
  "57": [
    276.07889936489596,
    12229.22951433128,
    0.022573484744614892
  ],
  "58": [
    276.0788993648942,
    12142.989425064203,
    0.024814042372396858
  ],
  "59": [
    10.823774353254755,
    11664.675872630547,
    0.0009278308836480687
  ],
  "60": [
    10.27584016868238,
    7714.237869159963,
    0.0013386570336539625
  ],
  "61": [
    207.28220945603076,
    8161.459516015024,
    0.025394577339016015
  ],
  "62": [
    207.28220945602962,
    8097.366040335145,
    0.02826576606895427
  ],
  "63": [
    10.275840168682867,
    7716.334023456009,
    0.0013315272006434544
  ]
}