{
  "0": [
    2375.0000000000114,
    125765.90536512622,
    0.019222831057619908
  ],
  "1": [
    2375.0000000000073,
    129095.08497187578,
    0.020824017325582415
  ],
  "2": [
    311.06882026007094,
    124519.79696734635,
    0.0158848115949963
  ],
  "3": [
    311.0688202600708,
    125526.60298285348,
    0.016962602579543695
  ],
  "4": [
    118750.00000000057,
    481250.00000000215,
    2.117989629000401
  ],
  "5": [
    118750.00000000038,
    452254.2485937512,
    18.9969604863222
  ],
  "6": [
    15553.441013003547,
    157543.34998725413,
    1.2499433882435815
  ],
  "7": [
    15553.44101300354,
    158862.88774465755,
    2.810254338420109
  ]
}