{
  "0": [
    13.40402814559936,
    23370.815980025553,
    0.023546879824814137
  ],
  "1": [
    850.4407569833951,
    24912.736066929363,
    0.25591229278881567
  ],
  "2": [
    850.4407569834136,
    25032.841360682625,
    0.25810388955406405
  ],
  "3": [
    13.40402814560576,
    23363.811469523785,
    0.025995313960123397
  ],
  "4": [
    11.375130468587535,
    23330.532262687142,
    0.0501667571915726
  ],
  "5": [
    411.47533346012716,
    23962.234791011717,
    0.3231579343808099
  ],
  "6": [
    411.47533346012483,
    24113.663179424213,
    0.32484120113172144
  ],
  "7": [
    11.375130468587809,
    23321.665699389207,
    0.06276077554281784
  ],
  "8": [
    10.823774353260054,
    23326.036827516546,
    0.0566918349761976
  ],
  "9": [
    276.07889936489636,
    23733.54018408294,
    0.3181641644023081
  ],
  "10": [
    276.07889936489465,
    23782.35104721449,
    0.2849493864967294
  ],
  "11": [
    10.823774353260642,
    23316.710925906482,
    0.07331795189460426
  ],
  "12": [
    10.275840168687187,
    23324.59609579968,
    0.05849758209824822
  ],
  "13": [
    207.2822094560307,
    23629.938881947943,
    0.29004426149629037
  ],
  "14": [
    207.28220945602956,
    23619.40673574802,
    0.284756173307496
  ],
  "15": [
    10.275840168687667,
    23314.909358481596,
    0.07636663643622976
  ],
  "16": [
    232.33648785705526,
    38713.292478551615,
    0.006071199123516197
  ],
  "17": [
    14740.973121045516,
    67593.86902939537,
    1.7130738045005023
  ],
  "18": [
    14740.973121045836,
    67956.79463412456,
    1.6274309966559923
  ],
  "19": [
    232.33648785716633,
    38713.77067116158,
    0.006193004748288361
  ],
  "20": [
    197.16892812218487,
    26478.26456115099,
    0.011585252228966846
  ],
  "21": [
    7132.23911330887,
    38147.53171808325,
    11.162105729687097
  ],
  "22": [
    7132.23911330883,
    40346.794206561186,
    13.260073996012498
  ],
  "23": [
    197.16892812218902,
    26460.45023179943,
    0.01132455806268065
  ],
  "24": [
    187.61208878984078,
    25059.29274832329,
    0.019665423022462738
  ],
  "25": [
    4785.367588991537,
    32029.664158542393,
    7.317451684940391
  ],
  "26": [
    4785.367588991507,
    33286.217467361144,
    7.957365654186841
  ],
  "27": [
    187.6120887898513,
    25030.313547865946,
    0.021344410466410897
  ],
  "28": [
    178.1145629239112,
    24565.926446275975,
    0.028243142013710136
  ],
  "29": [
    3592.891630571198,
    29788.837587138805,
    3.9213882209030766
  ],
  "30": [
    3592.8916305711787,
    30016.77873421205,
    4.864152245360207
  ],
  "31": [
    178.11456292391964,
    24527.38696792781,
    0.031840212598358744
  ],
  "32": [
    451.26894756851124,
    80751.63115265017,
    0.005626497234363574
  ],
  "33": [
    28631.505485107635,
    137256.8761271532,
    1.2268401789150256
  ],
  "34": [
    28631.50548510826,
    137862.62204285865,
    1.1958626856892327
  ],
  "35": [
    451.26894756872707,
    80780.52189350846,
    0.005731994091708047
  ],
  "36": [
    382.9627257757808,
    34607.395150758886,
    0.011110831474392131
  ],
  "37": [
    13853.002893157613,
    57306.95845986526,
    16.371087980909696
  ],
  "38": [
    13853.002893157538,
    61554.05504840868,
    173.42333250253108
  ],
  "39": [
    382.9627257757898,
    34574.88761595617,
    0.011578075475733291
  ],
  "40": [
    364.4004032264208,
    29289.222862687944,
    0.015222846398235724
  ],
  "41": [
    9294.656278618177,
    42816.309386276145,
    6.103330775895049
  ],
  "42": [
    9294.656278618118,
    45280.6051407821,
    9.183889236384418
  ],
  "43": [
    364.40040322644177,
    29235.029712852833,
    0.01512900929288544
  ],
  "44": [
    345.9532856791347,
    27462.735016473554,
    0.01871156249089608
  ],
  "45": [
    6978.501051686367,
    37599.47051795818,
    3.126625991601234
  ],
  "46": [
    6978.5010516863285,
    38065.88495830458,
    3.2896717861275078
  ],
  "47": [
    345.9532856791513,
    27389.97286535052,
    0.01855931847125532
  ],
  "48": [
    670.2014072799662,
    149502.05823259367,
    0.004489528226758373
  ],
  "49": [
    42522.03784916976,
    233901.75736020293,
    0.6575928215228004
  ],
  "50": [
    42522.03784917069,
    234750.32358688494,
    0.6454756540446936
  ],
  "51": [
    670.2014072802881,
    149525.0508936332,
    0.004571071720708581
  ],
  "52": [
    568.7565234293778,
    47705.40948835027,
    0.012012693600682522
  ],
  "53": [
    20573.766673006357,
    81440.51501635776,
    17.158750706704158
  ],
  "54": [
    20573.76667300624,
    87735.44570496664,
    5.861631140830418
  ],
  "55": [
    568.7565234293902,
    47658.20874809635,
    0.012519022775269135
  ],
  "56": [
    541.1887176630015,
    36002.04605926282,
    0.015081367406091981
  ],
  "57": [
    13803.94496824482,
    56093.475867284185,
    5.816243885747225
  ],
  "58": [
    13803.94496824473,
    59765.51406747732,
    8.645880830350881
  ],
  "59": [
    541.1887176630329,
    35922.63896004995,
    0.015993382013486115
  ],
  "60": [
    513.7920084343594,
    32000.006660000145,
    0.018481398223776927
  ],
  "61": [
    10364.110472801536,
    47061.837674406095,
    2.963916416420376
  ],
  "62": [
    10364.110472801478,
    47766.72540802564,
    3.115279766137348
  ],
  "63": [
    513.7920084343834,
    31893.021836102238,
    0.018396094507042063
  ]
}