{
  "0": [
    47.50000000000023,
    192.50000000000088,
    2.012650253336999
  ],
  "1": [
    47.50000000000014,
    180.9016994375005,
    13.571428571428585
  ],
  "2": [
    6.22137640520142,
    63.01733999490165,
    0.8721043340956358
  ],
  "3": [
    6.221376405201417,
    63.54515509786302,
    1.5444771698678958
  ],
  "4": [
    2375.0000000000114,
    129797.49999999991,
    0.018297592036888046
  ],
  "5": [
    2375.0000000000073,
    129095.08497187517,
    0.019742557055989925
  ],
  "6": [
    311.06882026007094,
    8356.105601766032,
    0.03722472790159446
  ],
  "7": [
    311.06882026007077,
    8259.99635691411,
    0.04373714052211214
  ]
}