{
  "0": {
    "0": [
      [
        1.0,
        110.0,
        2.0
      ],
      311.12016883062444
    ],
    "1": [
      [
        1.0,
        110.0,
        2.0
      ],
      125625.31492484565
    ],
    "2": [
      [
        1.0,
        110.0,
        2.0
      ],
      3.0745871844983075
    ]
  },
  "3": {
    "0": [
      [
        50.0,
        90.0,
        2.0
      ],
      15556.008441531507
    ],
    "1": [
      [
        50.0,
        90.0,
        2.0
      ],
      163798.48484430913
    ],
    "2": [
      [
        50.0,
        90.0,
        2.0
      ],
      7686.467961245948
    ]
  },
  "1": {
    "0": [
      [
        1.0,
        110.0,
        0.0
      ],
      2500.00000000001
    ],
    "1": [
      [
        1.0,
        110.0,
        0.0
      ],
      130049.99999999991
    ],
    "2": [
      [
        1.0,
        110.0,
        0.0
      ],
      50.0000000000002
    ]
  },
  "2": {
    "0": [
      [
        1.0,
        90.0,
        0.0
      ],
      2499.999999999992
    ],
    "1": [
      [
        1.0,
        90.0,
        0.0
      ],
      130050.00000000016
    ],
    "2": [
      [
        1.0,
        90.0,
        0.0
      ],
      49.99999999999978
    ]
  }
}