{
  "0": [
    2499.999999999992,
    2499.999999999995,
    311.1201688306281,
    311.12016883062796,
    124999.99999999959,
    124999.99999999972,
    15556.0084415314,
    15556.008441531396,
    311.120168830628,
    311.1201688306279,
    153.7293592249164,
    153.7293592249164,
    15556.0084415314,
    15556.008441531392,
    7686.467961245819,
    7686.46796124582,
    50.000000000000135,
    50.0000000000002,
    6.222403376612559,
    6.222403376612556,
    2500.000000000007,
    2500.00000000001,
    311.120168830628,
    311.1201688306279,
    50.000000000000135,
    50.0000000000002,
    6.222403376612559,
    6.222403376612556,
    2500.000000000007,
    2500.00000000001,
    311.120168830628,
    311.1201688306279
  ],
  "1": [
    120049.99999999932,
    130049.99999999929,
    124380.83424952254,
    125625.31492484504,
    6.309777409137757e-22,
    499999.9999999989,
    101574.45107818238,
    163798.48484430797,
    8358.708298907004,
    7114.227623584494,
    7997.001266880079,
    7382.083829980414,
    163798.48484430846,
    101574.45107818313,
    30745.87184498328,
    1.4955805460159506e-23,
    200.00000000000054,
    2.0495601021939564e-24,
    65.51939393772379,
    40.62978043127356,
    130049.99999999991,
    120050.00000000016,
    8358.708298907146,
    7114.227623584636,
    200.00000000000054,
    2.0495601021939564e-24,
    65.51939393772379,
    40.62978043127356,
    130049.99999999991,
    120050.00000000016,
    8358.708298907146,
    7114.227623584636
  ],
  "2": [
    0.020824482928088944,
    0.019223227810628206,
    0.002501331249115442,
    0.002476552536120742,
    124999.99999999959,
    0.249999500001,
    0.15314732325980987,
    0.09496982518789629,
    0.03721662978016896,
    0.04372596145756086,
    0.019220972102306794,
    0.020821835802631573,
    0.09496982518789603,
    0.15314732325980865,
    0.24999186909155308,
    7686.46796124582,
    0.24875621890547264,
    50.0000000000002,
    0.09354269496859884,
    0.14947000229523424,
    0.019223227810628202,
    0.02082448292808895,
    0.03721662978016833,
    0.043725961457559984,
    0.24875621890547264,
    50.0000000000002,
    0.09354269496859884,
    0.14947000229523424,
    0.019223227810628202,
    0.02082448292808895,
    0.03721662978016833,
    0.043725961457559984
  ]
}