{
  "0": [
    6.222403376612488,
    6.222403376612484,
    3.074587184498308,
    3.0745871844983075,
    311.12016883062444,
    311.12016883062427,
    153.72935922491538,
    153.72935922491538,
    311.1201688306301,
    311.12016883063006,
    153.72935922491897,
    153.72935922491894,
    15556.008441531507,
    15556.0084415315,
    7686.467961245948,
    7686.467961245948,
    49.99999999999978,
    49.99999999999984,
    6.222403376612603,
    6.222403376612601,
    2499.9999999999886,
    2499.999999999992,
    311.1201688306301,
    311.12016883063006,
    50.000000000000135,
    50.0000000000002,
    6.222403376612559,
    6.222403376612556,
    2500.000000000007,
    2500.00000000001,
    311.120168830628,
    311.1201688306279
  ],
  "1": [
    65.51939393772318,
    40.62978043127335,
    12.29834873799323,
    2.2199937226133432e-26,
    125625.31492484565,
    124380.83424952342,
    7997.001266880219,
    7382.083829980557,
    7114.227623584744,
    8358.708298907264,
    7382.083829980665,
    7997.001266880341,
    101574.45107818289,
    163798.48484430913,
    1.3263086531227035e-23,
    30745.87184498379,
    1.56656103100686e-24,
    199.99999999999935,
    40.629780431272756,
    65.51939393772315,
    120049.99999999993,
    130050.00000000016,
    7114.227623584629,
    8358.708298907151,
    200.00000000000054,
    2.0495601021939564e-24,
    65.51939393772379,
    40.62978043127356,
    130049.99999999991,
    120050.00000000016,
    8358.708298907146,
    7114.227623584636
  ],
  "2": [
    0.09354269496859863,
    0.14947000229523325,
    0.23120067348769757,
    3.0745871844983075,
    0.0024765525361207016,
    0.0025013312491153935,
    0.01922097210230633,
    0.020821835802631028,
    0.04372596145755963,
    0.03721662978016805,
    0.020821835802631212,
    0.019220972102306482,
    0.15314732325981015,
    0.09496982518789625,
    7686.467961245948,
    0.2499918690915531,
    49.99999999999978,
    0.24875621890547264,
    0.14947000229523824,
    0.09354269496860036,
    0.020824482928088812,
    0.019223227810628053,
    0.04372596145756034,
    0.03721662978016855,
    0.24875621890547264,
    50.0000000000002,
    0.09354269496859884,
    0.14947000229523424,
    0.019223227810628202,
    0.02082448292808895,
    0.03721662978016833,
    0.043725961457559984
  ]
}