{
  "0": [
    311.06882026006946,
    8259.996356914226,
    13.571428571428676
  ],
  "1": [
    311.0688202600693,
    8358.604541675553,
    13.571428571428585
  ],
  "2": [
    123.97273975483073,
    7937.488027940165,
    2.9729503315720405
  ],
  "3": [
    123.97273975483067,
    7895.637202221266,
    1.5447441350271922
  ],
  "4": [
    15553.441013003476,
    158862.88774465697,
    0.15311430852775706
  ],
  "5": [
    15553.441013003468,
    163793.34892716253,
    0.12288124204592468
  ],
  "6": [
    6198.636987741536,
    27770.20989797496,
    6.159947951744311
  ],
  "7": [
    6198.6369877415345,
    25677.720556469067,
    2.082412144237739
  ]
}