{
  "0": [
    311.1201688306272,
    311.1201688306271,
    153.72935922491718,
    153.7293592249172,
    15556.008441531361,
    15556.008441531356,
    7686.467961245859,
    7686.46796124586,
    2500.000000000007,
    2500.00000000001,
    311.120168830628,
    311.1201688306279,
    125000.00000000033,
    125000.00000000048,
    15556.0084415314,
    15556.008441531392,
    6.222403376612602,
    6.222403376612601,
    3.074587184498379,
    3.074587184498379,
    311.1201688306301,
    311.12016883063006,
    153.7293592249189,
    153.72935922491894,
    2500.000000000007,
    2500.00000000001,
    311.120168830628,
    311.1201688306279,
    125000.00000000033,
    125000.00000000048,
    15556.0084415314,
    15556.008441531392
  ],
  "1": [
    7114.227623584573,
    8358.708298907082,
    7382.083829980491,
    7997.001266880161,
    101574.451078183,
    163798.48484430872,
    1.0063536750131534e-22,
    30745.871844983438,
    130050.0000000008,
    120050.00000000077,
    125625.31492484653,
    124380.83424952402,
    500000.00000000134,
    5.123950185351203e-21,
    163798.48484430942,
    101574.45107818389,
    40.629780431273154,
    65.51939393772368,
    5.3002111126821e-27,
    12.298348737993516,
    124380.83424952313,
    125625.31492484591,
    7382.08382998055,
    7997.001266880227,
    130050.0000000008,
    120050.00000000077,
    125625.31492484653,
    124380.83424952402,
    500000.00000000134,
    5.123950185351203e-21,
    163798.48484430942,
    101574.45107818389
  ],
  "2": [
    0.043725961457560275,
    0.03721662978016851,
    0.020821835802631458,
    0.019220972102306697,
    0.15314732325980854,
    0.09496982518789561,
    7686.467961245859,
    0.24999186909155313,
    0.019223227810628074,
    0.020824482928088844,
    0.002476552536120713,
    0.002501331249115411,
    0.249999500001,
    125000.00000000048,
    0.09496982518789547,
    0.1531473232598075,
    0.1494700022952368,
    0.09354269496859961,
    3.074587184498379,
    0.23120067348769796,
    0.0025013312491154465,
    0.0024765525361207415,
    0.020821835802631528,
    0.019220972102306756,
    0.019223227810628074,
    0.020824482928088844,
    0.002476552536120713,
    0.002501331249115411,
    0.249999500001,
    125000.00000000048,
    0.09496982518789547,
    0.1531473232598075
  ]
}