{
  "0": {
    "0": [
      [
        50.0,
        90.0,
        0.0
      ],
      124999.99999999972
    ],
    "1": [
      [
        50.0,
        90.0,
        0.0
      ],
      499999.9999999989
    ],
    "2": [
      [
        50.0,
        90.0,
        0.0
      ],
      124999.99999999959
    ]
  },
  "3": {
    "0": [
      [
        50.0,
        110.0,
        2.0
      ],
      15556.0084415314
    ],
    "1": [
      [
        50.0,
        110.0,
        2.0
      ],
      163798.48484430846
    ],
    "2": [
      [
        50.0,
        110.0,
        2.0
      ],
      7686.46796124582
    ]
  },
  "1": {
    "0": [
      [
        1.0,
        110.0,
        0.0
      ],
      2500.00000000001
    ],
    "1": [
      [
        1.0,
        110.0,
        0.0
      ],
      130049.99999999991
    ],
    "2": [
      [
        1.0,
        110.0,
        0.0
      ],
      50.0000000000002
    ]
  },
  "2": {
    "0": [
      [
        1.0,
        110.0,
        0.0
      ],
      2500.00000000001
    ],
    "1": [
      [
        1.0,
        110.0,
        0.0
      ],
      130049.99999999991
    ],
    "2": [
      [
        1.0,
        110.0,
        0.0
      ],
      50.0000000000002
    ]
  }
}