{
  "0": {
    "0": [
      [
        50.0,
        90.0,
        2.0
      ],
      15556.008441531361
    ],
    "1": [
      [
        50.0,
        90.0,
        2.0
      ],
      163798.48484430872
    ],
    "2": [
      [
        50.0,
        90.0,
        2.0
      ],
      7686.467961245859
    ]
  },
  "3": {
    "0": [
      [
        50.0,
        110.0,
        0.0
      ],
      125000.00000000048
    ],
    "1": [
      [
        50.0,
        110.0,
        0.0
      ],
      500000.00000000134
    ],
    "2": [
      [
        50.0,
        110.0,
        0.0
      ],
      125000.00000000048
    ]
  },
  "1": {
    "0": [
      [
        50.0,
        110.0,
        0.0
      ],
      125000.00000000048
    ],
    "1": [
      [
        50.0,
        110.0,
        0.0
      ],
      500000.00000000134
    ],
    "2": [
      [
        50.0,
        110.0,
        0.0
      ],
      125000.00000000048
    ]
  },
  "2": {
    "0": [
      [
        1.0,
        90.0,
        2.0
      ],
      311.1201688306301
    ],
    "1": [
      [
        1.0,
        90.0,
        2.0
      ],
      125625.31492484591
    ],
    "2": [
      [
        1.0,
        90.0,
        2.0
      ],
      3.074587184498379
    ]
  }
}